,cost_multiplier,agent,action,duration,cost,level,time,phase,phase_name,location,site_depth,hub_height
0,1.0,WTIV,Mobilize,168.0,3500000.0,ACTION,0.0,MonopileInstallation,,,,
1,0.5,Feeder 0,Mobilize,72.0,112500.0,ACTION,0.0,MonopileInstallation,,,,
2,0.5,Feeder 1,Mobilize,72.0,112500.0,ACTION,0.0,MonopileInstallation,,,,
3,,Feeder 0,Fasten Monopile,12.0,37500.0,ACTION,12.0,MonopileInstallation,MonopileInstallation,,,
4,,Feeder 0,Fasten Transition Piece,8.0,25000.0,ACTION,20.0,MonopileInstallation,MonopileInstallation,,,
5,,Feeder 0,Fasten Monopile,1.0,3125.0,ACTION,21.0,MonopileInstallation,MonopileInstallation,,,
6,,Feeder 0,Delay,6.0,18750.0,ACTION,27.0,MonopileInstallation,MonopileInstallation,,,
7,,Feeder 0,Fasten Monopile,11.0,34375.0,ACTION,38.0,MonopileInstallation,MonopileInstallation,,,
8,,Feeder 0,Fasten Transition Piece,8.0,25000.0,ACTION,46.0,MonopileInstallation,MonopileInstallation,,,
9,,Feeder 0,Fasten Monopile,12.0,37500.0,ACTION,58.0,MonopileInstallation,MonopileInstallation,,,
10,,Feeder 0,Fasten Transition Piece,8.0,25000.0,ACTION,66.0,MonopileInstallation,MonopileInstallation,,,
11,,Feeder 1,Queue,66.0,206250.0,ACTION,66.0,MonopileInstallation,,,,
12,,Feeder 1,Fasten Monopile,9.0,28125.0,ACTION,75.0,MonopileInstallation,MonopileInstallation,,,
13,,Feeder 0,Delay,19.0,59375.0,ACTION,85.0,MonopileInstallation,,,,
14,,Feeder 1,Delay,10.0,31250.0,ACTION,85.0,MonopileInstallation,MonopileInstallation,,,
15,,Feeder 1,Fasten Monopile,3.0,9375.0,ACTION,88.0,MonopileInstallation,MonopileInstallation,,,
16,,Feeder 1,Fasten Transition Piece,8.0,25000.0,ACTION,96.0,MonopileInstallation,MonopileInstallation,,,
17,,WTIV,Transit,103.96905060169975,2166021.8875354114,ACTION,103.96905060169975,MonopileInstallation,,,,
18,,Feeder 1,Fasten Monopile,12.0,37500.0,ACTION,108.0,MonopileInstallation,MonopileInstallation,,,
19,,Feeder 1,Fasten Transition Piece,8.0,25000.0,ACTION,116.0,MonopileInstallation,MonopileInstallation,,,
20,,Feeder 0,Transit,39.339640768210714,122936.37740065849,ACTION,124.33964076821071,MonopileInstallation,,,,
21,,Feeder 0,Jackup,1.6666666666666667,5208.333333333334,ACTION,126.00630743487739,MonopileInstallation,MonopileInstallation,,,
22,,WTIV,Delay: Not enough vessels for monopiles,22.037256833177636,459109.5173578674,ACTION,126.00630743487739,MonopileInstallation,,Site,,
23,,Feeder 1,Fasten Monopile,12.0,37500.0,ACTION,128.0,MonopileInstallation,MonopileInstallation,,,
24,,WTIV,Position Onsite,5.0,104166.66666666666,ACTION,131.00630743487739,MonopileInstallation,,,,
25,,WTIV,Jackup,1.6666666666666667,34722.22222222222,ACTION,132.67297410154404,MonopileInstallation,MonopileInstallation,,40.0,
26,,WTIV,RovSurvey,1.0,20833.333333333332,ACTION,133.67297410154404,MonopileInstallation,MonopileInstallation,,40.0,
27,,Feeder 1,Fasten Transition Piece,7.0,21875.0,ACTION,135.0,MonopileInstallation,MonopileInstallation,,,
28,,WTIV,Release Monopile,10.0,208333.3333333333,ACTION,143.67297410154404,MonopileInstallation,,,,
29,,WTIV,Upend Monopile,0.8594532455150841,17905.275948230916,ACTION,144.53242734705913,MonopileInstallation,MonopileInstallation,,40.0,
30,,WTIV,Lower Monopile,0.005,104.16666666666666,ACTION,144.53742734705912,MonopileInstallation,MonopileInstallation,,40.0,
31,,Feeder 1,Delay,10.0,31250.0,ACTION,145.0,MonopileInstallation,MonopileInstallation,,,
32,,WTIV,Crane Reequip,1.0,20833.333333333332,ACTION,145.53742734705912,MonopileInstallation,MonopileInstallation,,40.0,
33,,Feeder 1,Fasten Transition Piece,1.0,3125.0,ACTION,146.0,MonopileInstallation,MonopileInstallation,,,
34,,Feeder 1,Delay,38.0,118750.0,ACTION,184.0,MonopileInstallation,,,,
35,,Feeder 1,Transit,39.339640768210714,122936.37740065849,ACTION,223.3396407682107,MonopileInstallation,,,,
36,,Feeder 1,Delay,247.0,771875.0,ACTION,470.3396407682107,MonopileInstallation,MonopileInstallation,,,
37,,Feeder 1,Jackup,1.6666666666666667,5208.333333333334,ACTION,472.0063074348774,MonopileInstallation,MonopileInstallation,,,
38,,WTIV,Delay,2745.0,57187500.0,ACTION,2890.5374273470593,MonopileInstallation,MonopileInstallation,,40.0,
39,,WTIV,Drive Monopile,1.2,24999.999999999996,ACTION,2891.737427347059,MonopileInstallation,MonopileInstallation,,40.0,
40,1.0,WTIV,Mobilize,168.0,2100000.0,ACTION,2897.4141754299076,TurbineInstallation,,,,
41,0.5,Feeder 0,Mobilize,72.0,112500.0,ACTION,2897.4141754299076,TurbineInstallation,,,,
42,0.5,Feeder 1,Mobilize,72.0,112500.0,ACTION,2897.4141754299076,TurbineInstallation,,,,
43,,Feeder 0,Fasten Tower Section,2.0,6250.0,ACTION,2899.4141754299076,TurbineInstallation,TurbineInstallation,,,
44,,Feeder 0,Fasten Tower Section,2.0,6250.0,ACTION,2901.4141754299076,TurbineInstallation,TurbineInstallation,,,
45,,WTIV,Release Transition Piece,10.0,208333.3333333333,ACTION,2901.737427347059,MonopileInstallation,,,,
46,,WTIV,Transit,4.841543614544483,60519.29518180603,ACTION,2902.2557190444522,TurbineInstallation,,,,
47,,WTIV,Crane Reequip,1.0,20833.333333333332,ACTION,2902.737427347059,MonopileInstallation,MonopileInstallation,,40.0,
48,,Feeder 0,Fasten Nacelle,2.0,6250.0,ACTION,2903.4141754299076,TurbineInstallation,TurbineInstallation,,,
49,,WTIV,Lower TP,1.0,20833.333333333332,ACTION,2903.737427347059,MonopileInstallation,MonopileInstallation,,40.0,
50,,Feeder 0,Fasten Blade,0.75,2343.75,ACTION,2904.1641754299076,TurbineInstallation,TurbineInstallation,,,
51,,Feeder 0,Fasten Blade,0.75,2343.75,ACTION,2904.9141754299076,TurbineInstallation,TurbineInstallation,,,
52,,Feeder 0,Fasten Blade,0.75,2343.75,ACTION,2905.6641754299076,TurbineInstallation,TurbineInstallation,,,
53,,Feeder 1,Queue,8.25,25781.25,ACTION,2905.6641754299076,TurbineInstallation,,,,
54,,Feeder 1,Fasten Tower Section,2.0,6250.0,ACTION,2907.6641754299076,TurbineInstallation,TurbineInstallation,,,
55,,WTIV,Bolt TP,4.0,83333.33333333333,ACTION,2907.737427347059,MonopileInstallation,MonopileInstallation,,40.0,
56,,WTIV,Jackdown,1.6666666666666667,34722.22222222222,ACTION,2909.4040940137256,MonopileInstallation,MonopileInstallation,,40.0,
57,,Feeder 1,Fasten Tower Section,2.0,6250.0,ACTION,2909.6641754299076,TurbineInstallation,TurbineInstallation,,,
58,,Feeder 0,Transit,4.841543614544483,15129.823795451508,ACTION,2910.5057190444522,TurbineInstallation,,,,
59,,Feeder 1,Fasten Nacelle,1.0,3125.0,ACTION,2910.6641754299076,TurbineInstallation,TurbineInstallation,,,
60,,WTIV,Position Onsite,5.0,104166.66666666666,ACTION,2914.4040940137256,MonopileInstallation,,,,
61,,WTIV,Jackup,1.6666666666666667,34722.22222222222,ACTION,2916.070760680392,MonopileInstallation,MonopileInstallation,,40.0,
62,,WTIV,RovSurvey,1.0,20833.333333333332,ACTION,2917.070760680392,MonopileInstallation,MonopileInstallation,,40.0,
63,,WTIV,Release Monopile,10.0,208333.3333333333,ACTION,2927.070760680392,MonopileInstallation,,,,
64,,WTIV,Delay,33.0,687500.0,ACTION,2960.070760680392,MonopileInstallation,MonopileInstallation,,40.0,
65,,WTIV,Upend Monopile,0.8594532455150841,17905.275948230916,ACTION,2960.930213925907,MonopileInstallation,MonopileInstallation,,40.0,
66,,WTIV,Lower Monopile,0.005,104.16666666666666,ACTION,2960.935213925907,MonopileInstallation,MonopileInstallation,,40.0,
67,,WTIV,Crane Reequip,1.0,20833.333333333332,ACTION,2961.935213925907,MonopileInstallation,MonopileInstallation,,40.0,
68,,WTIV,Drive Monopile,1.2,24999.999999999996,ACTION,2963.135213925907,MonopileInstallation,MonopileInstallation,,40.0,
69,,WTIV,Release Transition Piece,10.0,208333.3333333333,ACTION,2973.135213925907,MonopileInstallation,,,,
70,,WTIV,Crane Reequip,1.0,20833.333333333332,ACTION,2974.135213925907,MonopileInstallation,MonopileInstallation,,40.0,
71,,WTIV,Lower TP,1.0,20833.333333333332,ACTION,2975.135213925907,MonopileInstallation,MonopileInstallation,,40.0,
72,,Feeder 0,Delay,68.0,212500.0,ACTION,2978.5057190444522,TurbineInstallation,TurbineInstallation,,,
73,,Feeder 1,Delay,68.0,212500.0,ACTION,2978.6641754299076,TurbineInstallation,TurbineInstallation,,,
74,,WTIV,Bolt TP,4.0,83333.33333333333,ACTION,2979.135213925907,MonopileInstallation,MonopileInstallation,,40.0,
75,,Feeder 1,Fasten Nacelle,1.0,3125.0,ACTION,2979.6641754299076,TurbineInstallation,TurbineInstallation,,,
76,,Feeder 0,Jackup,1.6666666666666667,5208.333333333334,ACTION,2980.1723857111187,TurbineInstallation,TurbineInstallation,,,
77,,WTIV,Delay: Not enough vessels for turbines,77.91666666666667,973958.3333333334,ACTION,2980.1723857111187,TurbineInstallation,,Site,,
78,,Feeder 1,Fasten Blade,0.75,2343.75,ACTION,2980.4141754299076,TurbineInstallation,TurbineInstallation,,,
79,,WTIV,Jackdown,1.6666666666666667,34722.22222222222,ACTION,2980.8018805925735,MonopileInstallation,MonopileInstallation,,40.0,
80,,Feeder 1,Fasten Blade,0.75,2343.75,ACTION,2981.1641754299076,TurbineInstallation,TurbineInstallation,,,
81,,Feeder 1,Fasten Blade,0.75,2343.75,ACTION,2981.9141754299076,TurbineInstallation,TurbineInstallation,,,
82,,WTIV,Position Onsite,5.0,62500.0,ACTION,2985.1723857111187,TurbineInstallation,,,,
83,,WTIV,Jackup,0.43333333333333335,5416.666666666667,ACTION,2985.605719044452,TurbineInstallation,TurbineInstallation,,40.0,122.0
84,,WTIV,Position Onsite,5.0,104166.66666666666,ACTION,2985.8018805925735,MonopileInstallation,,,,
85,,WTIV,Release Tower Section,1.0,12500.0,ACTION,2986.605719044452,TurbineInstallation,,,,
86,,Feeder 1,Transit,4.841543614544483,15129.823795451508,ACTION,2986.7557190444522,TurbineInstallation,,,,
87,,WTIV,Lift Tower Section,0.62,7750.0,ACTION,2987.225719044452,TurbineInstallation,TurbineInstallation,,40.0,122.0
88,,WTIV,Jackup,1.6666666666666667,34722.22222222222,ACTION,2987.46854725924,MonopileInstallation,MonopileInstallation,,40.0,
89,,Feeder 1,Jackup,1.6666666666666667,5208.333333333334,ACTION,2988.4223857111187,TurbineInstallation,TurbineInstallation,,,
90,,WTIV,RovSurvey,1.0,20833.333333333332,ACTION,2988.46854725924,MonopileInstallation,MonopileInstallation,,40.0,
91,,WTIV,Attach Tower Section,2.0,25000.0,ACTION,2989.225719044452,TurbineInstallation,TurbineInstallation,,40.0,122.0
92,,WTIV,Release Tower Section,1.0,12500.0,ACTION,2990.225719044452,TurbineInstallation,,,,
93,,WTIV,Lift Tower Section,1.24,15500.0,ACTION,2991.4657190444523,TurbineInstallation,TurbineInstallation,,40.0,122.0
94,,WTIV,Attach Tower Section,2.0,25000.0,ACTION,2993.4657190444523,TurbineInstallation,TurbineInstallation,,40.0,122.0
95,,WTIV,Release Nacelle,1.0,12500.0,ACTION,2994.4657190444523,TurbineInstallation,,,,
96,,WTIV,Reequip,1.0,12500.0,ACTION,2995.4657190444523,TurbineInstallation,,,,
97,,WTIV,Lift Nacelle,1.22,15250.0,ACTION,2996.685719044452,TurbineInstallation,TurbineInstallation,,40.0,122.0
98,,WTIV,Release Monopile,10.0,208333.3333333333,ACTION,2998.46854725924,MonopileInstallation,,,,
99,,WTIV,Attach Nacelle,2.0,25000.0,ACTION,2998.685719044452,TurbineInstallation,TurbineInstallation,,40.0,122.0
100,,WTIV,Upend Monopile,0.8594532455150841,17905.275948230916,ACTION,2999.328000504755,MonopileInstallation,MonopileInstallation,,40.0,
101,,WTIV,Lower Monopile,0.005,104.16666666666666,ACTION,2999.333000504755,MonopileInstallation,MonopileInstallation,,40.0,
102,,WTIV,Reequip,1.0,12500.0,ACTION,2999.685719044452,TurbineInstallation,,,,
103,,WTIV,Release Blade,0.5,6250.0,ACTION,3000.185719044452,TurbineInstallation,,,,
104,,WTIV,Crane Reequip,1.0,20833.333333333332,ACTION,3000.333000504755,MonopileInstallation,MonopileInstallation,,40.0,
105,,WTIV,Lift Blade,1.22,15250.0,ACTION,3001.405719044452,TurbineInstallation,TurbineInstallation,,40.0,122.0
106,,WTIV,Drive Monopile,1.2,24999.999999999996,ACTION,3001.533000504755,MonopileInstallation,MonopileInstallation,,40.0,
107,,WTIV,Attach Blade,1.5,18750.0,ACTION,3002.905719044452,TurbineInstallation,TurbineInstallation,,40.0,122.0
108,,WTIV,Release Blade,0.5,6250.0,ACTION,3003.405719044452,TurbineInstallation,,,,
109,,WTIV,Lift Blade,1.22,15250.0,ACTION,3004.625719044452,TurbineInstallation,TurbineInstallation,,40.0,122.0
110,,WTIV,Attach Blade,1.5,18750.0,ACTION,3006.125719044452,TurbineInstallation,TurbineInstallation,,40.0,122.0
111,,WTIV,Release Blade,0.5,6250.0,ACTION,3006.625719044452,TurbineInstallation,,,,
112,,Feeder 0,ActiveFeeder,26.453333333333333,82666.66666666667,ACTION,3006.625719044452,TurbineInstallation,,Site,,
113,,Feeder 1,Queue,18.203333333333333,56885.416666666664,ACTION,3006.625719044452,TurbineInstallation,,Site,,
114,,WTIV,Lift Blade,1.22,15250.0,ACTION,3007.845719044452,TurbineInstallation,TurbineInstallation,,40.0,122.0
115,,Feeder 0,Jackdown,1.6666666666666667,5208.333333333334,ACTION,3008.2923857111186,TurbineInstallation,TurbineInstallation,,,
116,,WTIV,Attach Blade,1.5,18750.0,ACTION,3009.345719044452,TurbineInstallation,TurbineInstallation,,40.0,122.0
117,,WTIV,Jackdown,0.43333333333333335,5416.666666666667,ACTION,3009.7790523777853,TurbineInstallation,TurbineInstallation,,40.0,122.0
118,,WTIV,Release Transition Piece,10.0,208333.3333333333,ACTION,3011.533000504755,MonopileInstallation,,,,
119,,Feeder 0,ActiveFeeder,2885.5266930698776,9017270.915843368,ACTION,3011.533000504755,MonopileInstallation,,Site,,
120,,WTIV,Crane Reequip,1.0,20833.333333333332,ACTION,3012.533000504755,MonopileInstallation,MonopileInstallation,,40.0,
121,,Feeder 0,Transit,4.841543614544483,15129.823795451508,ACTION,3013.1339293256633,TurbineInstallation,,,,
122,,Feeder 0,Jackdown,1.6666666666666667,5208.333333333334,ACTION,3013.1996671714214,MonopileInstallation,MonopileInstallation,,,
123,,WTIV,Lower TP,1.0,20833.333333333332,ACTION,3013.533000504755,MonopileInstallation,MonopileInstallation,,40.0,
124,,WTIV,Position Onsite,5.0,62500.0,ACTION,3014.7790523777853,TurbineInstallation,,,,
125,,Feeder 0,Fasten Tower Section,2.0,6250.0,ACTION,3015.1339293256633,TurbineInstallation,TurbineInstallation,,,
126,,WTIV,Jackup,0.43333333333333335,5416.666666666667,ACTION,3015.2123857111187,TurbineInstallation,TurbineInstallation,,40.0,122.0
127,,WTIV,Release Tower Section,1.0,12500.0,ACTION,3016.2123857111187,TurbineInstallation,,,,
128,,WTIV,Lift Tower Section,0.62,7750.0,ACTION,3016.8323857111186,TurbineInstallation,TurbineInstallation,,40.0,122.0
129,,Feeder 0,Fasten Tower Section,2.0,6250.0,ACTION,3017.1339293256633,TurbineInstallation,TurbineInstallation,,,
130,,WTIV,Bolt TP,4.0,83333.33333333333,ACTION,3017.533000504755,MonopileInstallation,MonopileInstallation,,40.0,
131,,WTIV,Attach Tower Section,2.0,25000.0,ACTION,3018.8323857111186,TurbineInstallation,TurbineInstallation,,40.0,122.0
132,,Feeder 0,Fasten Nacelle,2.0,6250.0,ACTION,3019.1339293256633,TurbineInstallation,TurbineInstallation,,,
133,,WTIV,Jackdown,1.6666666666666667,34722.22222222222,ACTION,3019.1996671714214,MonopileInstallation,MonopileInstallation,,40.0,
134,,WTIV,Release Tower Section,1.0,12500.0,ACTION,3019.8323857111186,TurbineInstallation,,,,
135,,Feeder 0,Fasten Blade,0.75,2343.75,ACTION,3019.8839293256633,TurbineInstallation,TurbineInstallation,,,
136,,Feeder 0,Fasten Blade,0.75,2343.75,ACTION,3020.6339293256633,TurbineInstallation,TurbineInstallation,,,
137,,WTIV,Lift Tower Section,1.24,15500.0,ACTION,3021.072385711119,TurbineInstallation,TurbineInstallation,,40.0,122.0
138,,Feeder 0,Fasten Blade,0.75,2343.75,ACTION,3021.3839293256633,TurbineInstallation,TurbineInstallation,,,
139,,WTIV,Attach Tower Section,2.0,25000.0,ACTION,3023.072385711119,TurbineInstallation,TurbineInstallation,,40.0,122.0
140,,WTIV,Release Nacelle,1.0,12500.0,ACTION,3024.072385711119,TurbineInstallation,,,,
141,,WTIV,Reequip,1.0,12500.0,ACTION,3025.072385711119,TurbineInstallation,,,,
142,,Feeder 0,Transit,4.841543614544483,15129.823795451508,ACTION,3026.2254729402075,TurbineInstallation,,,,
143,,WTIV,Lift Nacelle,1.22,15250.0,ACTION,3026.2923857111186,TurbineInstallation,TurbineInstallation,,40.0,122.0
144,,Feeder 0,Jackup,1.6666666666666667,5208.333333333334,ACTION,3027.8921396068745,TurbineInstallation,TurbineInstallation,,,
145,,WTIV,Attach Nacelle,2.0,25000.0,ACTION,3028.2923857111186,TurbineInstallation,TurbineInstallation,,40.0,122.0
146,,WTIV,Reequip,1.0,12500.0,ACTION,3029.2923857111186,TurbineInstallation,,,,
147,,WTIV,Release Blade,0.5,6250.0,ACTION,3029.7923857111186,TurbineInstallation,,,,
148,,WTIV,Lift Blade,1.22,15250.0,ACTION,3031.012385711119,TurbineInstallation,TurbineInstallation,,40.0,122.0
149,,WTIV,Attach Blade,1.5,18750.0,ACTION,3032.512385711119,TurbineInstallation,TurbineInstallation,,40.0,122.0
150,,WTIV,Release Blade,0.5,6250.0,ACTION,3033.012385711119,TurbineInstallation,,,,
151,,WTIV,Lift Blade,1.22,15250.0,ACTION,3034.2323857111187,TurbineInstallation,TurbineInstallation,,40.0,122.0
152,,WTIV,Attach Blade,1.5,18750.0,ACTION,3035.7323857111187,TurbineInstallation,TurbineInstallation,,40.0,122.0
153,,WTIV,Release Blade,0.5,6250.0,ACTION,3036.2323857111187,TurbineInstallation,,,,
154,,Feeder 1,ActiveFeeder,29.60666666666667,92520.83333333334,ACTION,3036.2323857111187,TurbineInstallation,,Site,,
155,,Feeder 0,Queue,8.340246104244386,26063.269075763706,ACTION,3036.2323857111187,TurbineInstallation,,Site,,
156,,WTIV,Lift Blade,1.22,15250.0,ACTION,3037.452385711119,TurbineInstallation,TurbineInstallation,,40.0,122.0
157,,Feeder 1,Jackdown,1.6666666666666667,5208.333333333334,ACTION,3037.899052377785,TurbineInstallation,TurbineInstallation,,,
158,,WTIV,Attach Blade,1.5,18750.0,ACTION,3038.952385711119,TurbineInstallation,TurbineInstallation,,40.0,122.0
159,,WTIV,Jackdown,0.43333333333333335,5416.666666666667,ACTION,3039.385719044452,TurbineInstallation,TurbineInstallation,,40.0,122.0
160,,Feeder 1,Transit,4.841543614544483,15129.823795451508,ACTION,3042.74059599233,TurbineInstallation,,,,
161,,WTIV,Position Onsite,5.0,62500.0,ACTION,3044.385719044452,TurbineInstallation,,,,
162,,Feeder 1,Fasten Tower Section,2.0,6250.0,ACTION,3044.74059599233,TurbineInstallation,TurbineInstallation,,,
163,,WTIV,Jackup,0.43333333333333335,5416.666666666667,ACTION,3044.8190523777853,TurbineInstallation,TurbineInstallation,,40.0,122.0
164,,WTIV,Release Tower Section,1.0,12500.0,ACTION,3045.8190523777853,TurbineInstallation,,,,
165,,WTIV,Lift Tower Section,0.62,7750.0,ACTION,3046.4390523777856,TurbineInstallation,TurbineInstallation,,40.0,122.0
166,,Feeder 1,Fasten Tower Section,2.0,6250.0,ACTION,3046.74059599233,TurbineInstallation,TurbineInstallation,,,
167,,WTIV,Attach Tower Section,2.0,25000.0,ACTION,3048.4390523777856,TurbineInstallation,TurbineInstallation,,40.0,122.0
168,,Feeder 1,Fasten Nacelle,2.0,6250.0,ACTION,3048.74059599233,TurbineInstallation,TurbineInstallation,,,
169,,WTIV,Release Tower Section,1.0,12500.0,ACTION,3049.4390523777856,TurbineInstallation,,,,
170,,Feeder 1,Fasten Blade,0.75,2343.75,ACTION,3049.49059599233,TurbineInstallation,TurbineInstallation,,,
171,,Feeder 1,Fasten Blade,0.75,2343.75,ACTION,3050.24059599233,TurbineInstallation,TurbineInstallation,,,
172,,WTIV,Lift Tower Section,1.24,15500.0,ACTION,3050.6790523777854,TurbineInstallation,TurbineInstallation,,40.0,122.0
173,,Feeder 1,Fasten Blade,0.75,2343.75,ACTION,3050.99059599233,TurbineInstallation,TurbineInstallation,,,
174,,Feeder 0,Transit,39.339640768210714,122936.37740065849,ACTION,3052.539307939632,MonopileInstallation,,,,
175,,Feeder 1,Queue,2580.533000504755,8064165.626577359,ACTION,3052.539307939632,MonopileInstallation,,Site,,
176,,WTIV,Delay: Not enough vessels for monopiles,33.33964076821076,694575.849337724,ACTION,3052.539307939632,MonopileInstallation,,Site,,
177,,WTIV,Attach Tower Section,2.0,25000.0,ACTION,3052.6790523777854,TurbineInstallation,TurbineInstallation,,40.0,122.0
178,,WTIV,Release Nacelle,1.0,12500.0,ACTION,3053.6790523777854,TurbineInstallation,,,,
179,,WTIV,Reequip,1.0,12500.0,ACTION,3054.6790523777854,TurbineInstallation,,,,
180,,Feeder 1,Transit,4.841543614544483,15129.823795451508,ACTION,3055.8321396068745,TurbineInstallation,,,,
181,,WTIV,Lift Nacelle,1.22,15250.0,ACTION,3055.899052377785,TurbineInstallation,TurbineInstallation,,40.0,122.0
182,,Feeder 1,Jackup,1.6666666666666667,5208.333333333334,ACTION,3057.498806273541,TurbineInstallation,TurbineInstallation,,,
183,,WTIV,Position Onsite,5.0,104166.66666666666,ACTION,3057.539307939632,MonopileInstallation,,,,
184,,WTIV,Attach Nacelle,2.0,25000.0,ACTION,3057.899052377785,TurbineInstallation,TurbineInstallation,,40.0,122.0
185,,WTIV,Reequip,1.0,12500.0,ACTION,3058.899052377785,TurbineInstallation,,,,
186,,WTIV,Jackup,1.6666666666666667,34722.22222222222,ACTION,3059.2059746062987,MonopileInstallation,MonopileInstallation,,40.0,
187,,WTIV,Release Blade,0.5,6250.0,ACTION,3059.399052377785,TurbineInstallation,,,,
188,,WTIV,RovSurvey,1.0,20833.333333333332,ACTION,3060.2059746062987,MonopileInstallation,MonopileInstallation,,40.0,
189,,WTIV,Lift Blade,1.22,15250.0,ACTION,3060.6190523777855,TurbineInstallation,TurbineInstallation,,40.0,122.0
190,,WTIV,Attach Blade,1.5,18750.0,ACTION,3062.1190523777855,TurbineInstallation,TurbineInstallation,,40.0,122.0
191,,WTIV,Release Blade,0.5,6250.0,ACTION,3062.6190523777855,TurbineInstallation,,,,
192,,WTIV,Lift Blade,1.22,15250.0,ACTION,3063.8390523777853,TurbineInstallation,TurbineInstallation,,40.0,122.0
193,,Feeder 0,Fasten Monopile,12.0,37500.0,ACTION,3064.539307939632,MonopileInstallation,MonopileInstallation,,,
194,,WTIV,Attach Blade,1.5,18750.0,ACTION,3065.3390523777853,TurbineInstallation,TurbineInstallation,,40.0,122.0
195,,WTIV,Release Blade,0.5,6250.0,ACTION,3065.8390523777853,TurbineInstallation,,,,
196,,Feeder 0,ActiveFeeder,29.606666666666683,92520.83333333339,ACTION,3065.8390523777853,TurbineInstallation,,Site,,
197,,Feeder 1,Queue,8.340246104244386,26063.269075763706,ACTION,3065.8390523777853,TurbineInstallation,,Site,,
198,,WTIV,Lift Blade,1.22,15250.0,ACTION,3067.0590523777855,TurbineInstallation,TurbineInstallation,,40.0,122.0
199,,Feeder 0,Jackdown,1.6666666666666667,5208.333333333334,ACTION,3067.5057190444522,TurbineInstallation,TurbineInstallation,,,
200,,Feeder 0,Fasten Transition Piece,4.0,12500.0,ACTION,3068.539307939632,MonopileInstallation,MonopileInstallation,,,
201,,WTIV,Release Monopile,10.0,208333.3333333333,ACTION,3070.2059746062987,MonopileInstallation,,,,
202,,WTIV,Delay,3.0,62500.0,ACTION,3073.2059746062987,MonopileInstallation,MonopileInstallation,,40.0,
203,,WTIV,Upend Monopile,0.8594532455150841,17905.275948230916,ACTION,3074.0654278518136,MonopileInstallation,MonopileInstallation,,40.0,
204,,WTIV,Lower Monopile,0.005,104.16666666666666,ACTION,3074.0704278518137,MonopileInstallation,MonopileInstallation,,40.0,
205,,WTIV,Crane Reequip,1.0,20833.333333333332,ACTION,3075.0704278518137,MonopileInstallation,MonopileInstallation,,40.0,
206,,WTIV,Drive Monopile,1.2,24999.999999999996,ACTION,3076.2704278518136,MonopileInstallation,MonopileInstallation,,40.0,
207,,WTIV,Delay,10.0,125000.0,ACTION,3077.0590523777855,TurbineInstallation,TurbineInstallation,,40.0,122.0
208,,Feeder 0,Delay,9.0,28125.0,ACTION,3077.539307939632,MonopileInstallation,MonopileInstallation,,,
209,,WTIV,Attach Blade,1.5,18750.0,ACTION,3078.5590523777855,TurbineInstallation,TurbineInstallation,,40.0,122.0
210,,WTIV,Jackdown,0.43333333333333335,5416.666666666667,ACTION,3078.992385711119,TurbineInstallation,TurbineInstallation,,40.0,122.0
211,,Feeder 0,Fasten Transition Piece,4.0,12500.0,ACTION,3081.539307939632,MonopileInstallation,MonopileInstallation,,,
212,,WTIV,Release Transition Piece,10.0,208333.3333333333,ACTION,3086.2704278518136,MonopileInstallation,,,,
213,,WTIV,Crane Reequip,1.0,20833.333333333332,ACTION,3087.2704278518136,MonopileInstallation,MonopileInstallation,,40.0,
214,,WTIV,Lower TP,1.0,20833.333333333332,ACTION,3088.2704278518136,MonopileInstallation,MonopileInstallation,,40.0,
215,,Feeder 0,Delay,22.0,68750.0,ACTION,3089.5057190444522,TurbineInstallation,,,,
216,,WTIV,Delay,11.0,137500.0,ACTION,3089.992385711119,TurbineInstallation,,,,
217,,Feeder 0,Delay,9.0,28125.0,ACTION,3090.539307939632,MonopileInstallation,MonopileInstallation,,,
218,,WTIV,Bolt TP,4.0,83333.33333333333,ACTION,3092.2704278518136,MonopileInstallation,MonopileInstallation,,40.0,
219,,WTIV,Jackdown,1.6666666666666667,34722.22222222222,ACTION,3093.93709451848,MonopileInstallation,MonopileInstallation,,40.0,
220,,Feeder 0,Transit,4.841543614544483,15129.823795451508,ACTION,3094.3472626589964,TurbineInstallation,,,,
221,,WTIV,Position Onsite,5.0,62500.0,ACTION,3094.992385711119,TurbineInstallation,,,,
222,,WTIV,Jackup,0.43333333333333335,5416.666666666667,ACTION,3095.4257190444523,TurbineInstallation,TurbineInstallation,,40.0,122.0
223,,Feeder 0,Fasten Tower Section,2.0,6250.0,ACTION,3096.3472626589964,TurbineInstallation,TurbineInstallation,,,
224,,WTIV,Release Tower Section,1.0,12500.0,ACTION,3096.4257190444523,TurbineInstallation,,,,
225,,WTIV,Lift Tower Section,0.62,7750.0,ACTION,3097.045719044452,TurbineInstallation,TurbineInstallation,,40.0,122.0
226,,Feeder 0,Fasten Tower Section,2.0,6250.0,ACTION,3098.3472626589964,TurbineInstallation,TurbineInstallation,,,
227,,WTIV,Position Onsite,5.0,104166.66666666666,ACTION,3098.93709451848,MonopileInstallation,,,,
228,,WTIV,Attach Tower Section,2.0,25000.0,ACTION,3099.045719044452,TurbineInstallation,TurbineInstallation,,40.0,122.0
229,,WTIV,Release Tower Section,1.0,12500.0,ACTION,3100.045719044452,TurbineInstallation,,,,
230,,Feeder 0,Fasten Nacelle,2.0,6250.0,ACTION,3100.3472626589964,TurbineInstallation,TurbineInstallation,,,
231,,WTIV,Jackup,1.6666666666666667,34722.22222222222,ACTION,3100.6037611851466,MonopileInstallation,MonopileInstallation,,40.0,
232,,Feeder 0,Fasten Blade,0.75,2343.75,ACTION,3101.0972626589964,TurbineInstallation,TurbineInstallation,,,
233,,WTIV,Lift Tower Section,1.24,15500.0,ACTION,3101.285719044452,TurbineInstallation,TurbineInstallation,,40.0,122.0
234,,WTIV,RovSurvey,1.0,20833.333333333332,ACTION,3101.6037611851466,MonopileInstallation,MonopileInstallation,,40.0,
235,,Feeder 0,Fasten Blade,0.75,2343.75,ACTION,3101.8472626589964,TurbineInstallation,TurbineInstallation,,,
236,,Feeder 0,Fasten Monopile,12.0,37500.0,ACTION,3102.539307939632,MonopileInstallation,MonopileInstallation,,,
237,,Feeder 0,Fasten Blade,0.75,2343.75,ACTION,3102.5972626589964,TurbineInstallation,TurbineInstallation,,,
238,,WTIV,Attach Tower Section,2.0,25000.0,ACTION,3103.285719044452,TurbineInstallation,TurbineInstallation,,40.0,122.0
239,,WTIV,Release Nacelle,1.0,12500.0,ACTION,3104.285719044452,TurbineInstallation,,,,
240,,WTIV,Reequip,1.0,12500.0,ACTION,3105.285719044452,TurbineInstallation,,,,
241,,WTIV,Lift Nacelle,1.22,15250.0,ACTION,3106.5057190444522,TurbineInstallation,TurbineInstallation,,40.0,122.0
242,,Feeder 0,Transit,4.841543614544483,15129.823795451508,ACTION,3107.438806273541,TurbineInstallation,,,,
243,,WTIV,Attach Nacelle,2.0,25000.0,ACTION,3108.5057190444522,TurbineInstallation,TurbineInstallation,,40.0,122.0
244,,Feeder 0,Jackup,1.6666666666666667,5208.333333333334,ACTION,3109.1054729402076,TurbineInstallation,TurbineInstallation,,,
245,,WTIV,Reequip,1.0,12500.0,ACTION,3109.5057190444522,TurbineInstallation,,,,
246,,WTIV,Release Blade,0.5,6250.0,ACTION,3110.0057190444522,TurbineInstallation,,,,
247,,Feeder 0,Fasten Transition Piece,8.0,25000.0,ACTION,3110.539307939632,MonopileInstallation,MonopileInstallation,,,
248,,WTIV,Lift Blade,1.22,15250.0,ACTION,3111.225719044452,TurbineInstallation,TurbineInstallation,,40.0,122.0
249,,WTIV,Release Monopile,10.0,208333.3333333333,ACTION,3111.6037611851466,MonopileInstallation,,,,
250,,WTIV,Upend Monopile,0.8594532455150841,17905.275948230916,ACTION,3112.4632144306615,MonopileInstallation,MonopileInstallation,,40.0,
251,,WTIV,Lower Monopile,0.005,104.16666666666666,ACTION,3112.4682144306616,MonopileInstallation,MonopileInstallation,,40.0,
252,,WTIV,Attach Blade,1.5,18750.0,ACTION,3112.725719044452,TurbineInstallation,TurbineInstallation,,40.0,122.0
253,,WTIV,Release Blade,0.5,6250.0,ACTION,3113.225719044452,TurbineInstallation,,,,
254,,WTIV,Crane Reequip,1.0,20833.333333333332,ACTION,3113.4682144306616,MonopileInstallation,MonopileInstallation,,40.0,
255,,WTIV,Lift Blade,1.22,15250.0,ACTION,3114.4457190444523,TurbineInstallation,TurbineInstallation,,40.0,122.0
256,,WTIV,Drive Monopile,1.2,24999.999999999996,ACTION,3114.6682144306615,MonopileInstallation,MonopileInstallation,,40.0,
257,,WTIV,Attach Blade,1.5,18750.0,ACTION,3115.9457190444523,TurbineInstallation,TurbineInstallation,,40.0,122.0
258,,WTIV,Release Blade,0.5,6250.0,ACTION,3116.4457190444523,TurbineInstallation,,,,
259,,Feeder 1,ActiveFeeder,50.60666666666668,158145.83333333337,ACTION,3116.4457190444523,TurbineInstallation,,Site,,
260,,Feeder 0,Queue,7.340246104244386,22938.269075763706,ACTION,3116.4457190444523,TurbineInstallation,,Site,,
261,,WTIV,Lift Blade,1.22,15250.0,ACTION,3117.665719044452,TurbineInstallation,TurbineInstallation,,40.0,122.0
262,,Feeder 1,Jackdown,1.6666666666666667,5208.333333333334,ACTION,3118.112385711119,TurbineInstallation,TurbineInstallation,,,
263,,WTIV,Attach Blade,1.5,18750.0,ACTION,3119.165719044452,TurbineInstallation,TurbineInstallation,,40.0,122.0
264,,WTIV,Jackdown,0.43333333333333335,5416.666666666667,ACTION,3119.5990523777855,TurbineInstallation,TurbineInstallation,,40.0,122.0
265,,Feeder 0,Fasten Monopile,12.0,37500.0,ACTION,3122.539307939632,MonopileInstallation,MonopileInstallation,,,
266,,Feeder 1,Transit,4.841543614544483,15129.823795451508,ACTION,3122.953929325663,TurbineInstallation,,,,
267,,WTIV,Position Onsite,5.0,62500.0,ACTION,3124.5990523777855,TurbineInstallation,,,,
268,,WTIV,Release Transition Piece,10.0,208333.3333333333,ACTION,3124.6682144306615,MonopileInstallation,,,,
269,,Feeder 1,Fasten Tower Section,2.0,6250.0,ACTION,3124.953929325663,TurbineInstallation,TurbineInstallation,,,
270,,WTIV,Jackup,0.43333333333333335,5416.666666666667,ACTION,3125.032385711119,TurbineInstallation,TurbineInstallation,,40.0,122.0
271,,WTIV,Crane Reequip,1.0,20833.333333333332,ACTION,3125.6682144306615,MonopileInstallation,MonopileInstallation,,40.0,
272,,WTIV,Release Tower Section,1.0,12500.0,ACTION,3126.032385711119,TurbineInstallation,,,,
273,,WTIV,Lift Tower Section,0.62,7750.0,ACTION,3126.6523857111188,TurbineInstallation,TurbineInstallation,,40.0,122.0
274,,WTIV,Lower TP,1.0,20833.333333333332,ACTION,3126.6682144306615,MonopileInstallation,MonopileInstallation,,40.0,
275,,Feeder 1,Fasten Tower Section,2.0,6250.0,ACTION,3126.953929325663,TurbineInstallation,TurbineInstallation,,,
276,,WTIV,Attach Tower Section,2.0,25000.0,ACTION,3128.6523857111188,TurbineInstallation,TurbineInstallation,,40.0,122.0
277,,Feeder 1,Fasten Nacelle,2.0,6250.0,ACTION,3128.953929325663,TurbineInstallation,TurbineInstallation,,,
278,,WTIV,Release Tower Section,1.0,12500.0,ACTION,3129.6523857111188,TurbineInstallation,,,,
279,,Feeder 1,Fasten Blade,0.75,2343.75,ACTION,3129.703929325663,TurbineInstallation,TurbineInstallation,,,
280,,Feeder 1,Fasten Blade,0.75,2343.75,ACTION,3130.453929325663,TurbineInstallation,TurbineInstallation,,,
281,,Feeder 0,Fasten Transition Piece,8.0,25000.0,ACTION,3130.539307939632,MonopileInstallation,MonopileInstallation,,,
282,,WTIV,Bolt TP,4.0,83333.33333333333,ACTION,3130.6682144306615,MonopileInstallation,MonopileInstallation,,40.0,
283,,WTIV,Lift Tower Section,1.24,15500.0,ACTION,3130.8923857111185,TurbineInstallation,TurbineInstallation,,40.0,122.0
284,,Feeder 1,Fasten Blade,0.75,2343.75,ACTION,3131.203929325663,TurbineInstallation,TurbineInstallation,,,
285,,WTIV,Jackdown,1.6666666666666667,34722.22222222222,ACTION,3132.334881097328,MonopileInstallation,MonopileInstallation,,40.0,
286,,WTIV,Attach Tower Section,2.0,25000.0,ACTION,3132.8923857111185,TurbineInstallation,TurbineInstallation,,40.0,122.0
287,,WTIV,Release Nacelle,1.0,12500.0,ACTION,3133.8923857111185,TurbineInstallation,,,,
288,,WTIV,Reequip,1.0,12500.0,ACTION,3134.8923857111185,TurbineInstallation,,,,
289,,Feeder 1,Transit,4.841543614544483,15129.823795451508,ACTION,3136.0454729402077,TurbineInstallation,,,,
290,,WTIV,Lift Nacelle,1.22,15250.0,ACTION,3136.112385711119,TurbineInstallation,TurbineInstallation,,40.0,122.0
291,,WTIV,Position Onsite,5.0,104166.66666666666,ACTION,3137.334881097328,MonopileInstallation,,,,
292,,Feeder 1,Jackup,1.6666666666666667,5208.333333333334,ACTION,3137.712139606874,TurbineInstallation,TurbineInstallation,,,
293,,WTIV,Attach Nacelle,2.0,25000.0,ACTION,3138.112385711119,TurbineInstallation,TurbineInstallation,,40.0,122.0
294,,WTIV,Jackup,1.6666666666666667,34722.22222222222,ACTION,3139.0015477639945,MonopileInstallation,MonopileInstallation,,40.0,
295,,WTIV,Reequip,1.0,12500.0,ACTION,3139.112385711119,TurbineInstallation,,,,
296,,WTIV,Release Blade,0.5,6250.0,ACTION,3139.612385711119,TurbineInstallation,,,,
297,,WTIV,RovSurvey,1.0,20833.333333333332,ACTION,3140.0015477639945,MonopileInstallation,MonopileInstallation,,40.0,
298,,WTIV,Lift Blade,1.22,15250.0,ACTION,3140.8323857111186,TurbineInstallation,TurbineInstallation,,40.0,122.0
299,,WTIV,Attach Blade,1.5,18750.0,ACTION,3142.3323857111186,TurbineInstallation,TurbineInstallation,,40.0,122.0
300,,WTIV,Release Blade,0.5,6250.0,ACTION,3142.8323857111186,TurbineInstallation,,,,
301,,WTIV,Lift Blade,1.22,15250.0,ACTION,3144.052385711119,TurbineInstallation,TurbineInstallation,,40.0,122.0
302,,WTIV,Attach Blade,1.5,18750.0,ACTION,3145.552385711119,TurbineInstallation,TurbineInstallation,,40.0,122.0
303,,WTIV,Release Blade,0.5,6250.0,ACTION,3146.052385711119,TurbineInstallation,,,,
304,,Feeder 0,ActiveFeeder,29.606666666666683,92520.83333333339,ACTION,3146.052385711119,TurbineInstallation,,Site,,
305,,Feeder 1,Queue,8.340246104244386,26063.269075763706,ACTION,3146.052385711119,TurbineInstallation,,Site,,
306,,WTIV,Lift Blade,1.22,15250.0,ACTION,3147.2723857111187,TurbineInstallation,TurbineInstallation,,40.0,122.0
307,,Feeder 0,Jackdown,1.6666666666666667,5208.333333333334,ACTION,3147.7190523777854,TurbineInstallation,TurbineInstallation,,,
308,,WTIV,Attach Blade,1.5,18750.0,ACTION,3148.7723857111187,TurbineInstallation,TurbineInstallation,,40.0,122.0
309,,WTIV,Jackdown,0.43333333333333335,5416.666666666667,ACTION,3149.205719044452,TurbineInstallation,TurbineInstallation,,40.0,122.0
310,,WTIV,Release Monopile,10.0,208333.3333333333,ACTION,3150.0015477639945,MonopileInstallation,,,,
311,,WTIV,Upend Monopile,0.8594532455150841,17905.275948230916,ACTION,3150.8610010095094,MonopileInstallation,MonopileInstallation,,40.0,
312,,WTIV,Lower Monopile,0.005,104.16666666666666,ACTION,3150.8660010095095,MonopileInstallation,MonopileInstallation,,40.0,
313,,WTIV,Crane Reequip,1.0,20833.333333333332,ACTION,3151.8660010095095,MonopileInstallation,MonopileInstallation,,40.0,
314,,Feeder 0,Transit,4.841543614544483,15129.823795451508,ACTION,3152.56059599233,TurbineInstallation,,,,
315,,WTIV,Drive Monopile,1.2,24999.999999999996,ACTION,3153.0660010095094,MonopileInstallation,MonopileInstallation,,40.0,
316,,WTIV,Position Onsite,5.0,62500.0,ACTION,3154.205719044452,TurbineInstallation,,,,
317,,Feeder 0,Fasten Tower Section,2.0,6250.0,ACTION,3154.56059599233,TurbineInstallation,TurbineInstallation,,,
318,,WTIV,Jackup,0.43333333333333335,5416.666666666667,ACTION,3154.6390523777854,TurbineInstallation,TurbineInstallation,,40.0,122.0
319,,WTIV,Release Tower Section,1.0,12500.0,ACTION,3155.6390523777854,TurbineInstallation,,,,
320,,WTIV,Lift Tower Section,0.62,7750.0,ACTION,3156.2590523777853,TurbineInstallation,TurbineInstallation,,40.0,122.0
321,,Feeder 0,Fasten Tower Section,2.0,6250.0,ACTION,3156.56059599233,TurbineInstallation,TurbineInstallation,,,
322,,WTIV,Attach Tower Section,2.0,25000.0,ACTION,3158.2590523777853,TurbineInstallation,TurbineInstallation,,40.0,122.0
323,,Feeder 0,Fasten Nacelle,2.0,6250.0,ACTION,3158.56059599233,TurbineInstallation,TurbineInstallation,,,
324,,WTIV,Release Tower Section,1.0,12500.0,ACTION,3159.2590523777853,TurbineInstallation,,,,
325,,Feeder 0,Fasten Blade,0.75,2343.75,ACTION,3159.31059599233,TurbineInstallation,TurbineInstallation,,,
326,,Feeder 0,Fasten Blade,0.75,2343.75,ACTION,3160.06059599233,TurbineInstallation,TurbineInstallation,,,
327,,WTIV,Lift Tower Section,1.24,15500.0,ACTION,3160.4990523777856,TurbineInstallation,TurbineInstallation,,40.0,122.0
328,,Feeder 0,Fasten Blade,0.75,2343.75,ACTION,3160.81059599233,TurbineInstallation,TurbineInstallation,,,
329,,WTIV,Attach Tower Section,2.0,25000.0,ACTION,3162.4990523777856,TurbineInstallation,TurbineInstallation,,40.0,122.0
330,,WTIV,Release Transition Piece,10.0,208333.3333333333,ACTION,3163.0660010095094,MonopileInstallation,,,,
331,,Feeder 1,ActiveFeeder,110.52669306987718,345395.9158433662,ACTION,3163.0660010095094,MonopileInstallation,,Site,,
332,,WTIV,Release Nacelle,1.0,12500.0,ACTION,3163.4990523777856,TurbineInstallation,,,,
333,,WTIV,Crane Reequip,1.0,20833.333333333332,ACTION,3164.0660010095094,MonopileInstallation,MonopileInstallation,,40.0,
334,,WTIV,Reequip,1.0,12500.0,ACTION,3164.4990523777856,TurbineInstallation,,,,
335,,Feeder 1,Jackdown,1.6666666666666667,5208.333333333334,ACTION,3164.732667676176,MonopileInstallation,MonopileInstallation,,,
336,,WTIV,Lower TP,1.0,20833.333333333332,ACTION,3165.0660010095094,MonopileInstallation,MonopileInstallation,,40.0,
337,,Feeder 0,Transit,4.841543614544483,15129.823795451508,ACTION,3165.6521396068742,TurbineInstallation,,,,
338,,WTIV,Lift Nacelle,1.22,15250.0,ACTION,3165.7190523777854,TurbineInstallation,TurbineInstallation,,40.0,122.0
339,,Feeder 0,Jackup,1.6666666666666667,5208.333333333334,ACTION,3167.318806273541,TurbineInstallation,TurbineInstallation,,,
340,,WTIV,Attach Nacelle,2.0,25000.0,ACTION,3167.7190523777854,TurbineInstallation,TurbineInstallation,,40.0,122.0
341,,WTIV,Reequip,1.0,12500.0,ACTION,3168.7190523777854,TurbineInstallation,,,,
342,,WTIV,Bolt TP,4.0,83333.33333333333,ACTION,3169.0660010095094,MonopileInstallation,MonopileInstallation,,40.0,
343,,WTIV,Release Blade,0.5,6250.0,ACTION,3169.2190523777854,TurbineInstallation,,,,
344,,Feeder 0,Transit,39.339640768210714,122936.37740065849,ACTION,3169.878948707843,MonopileInstallation,,,,
345,,WTIV,Lift Blade,1.22,15250.0,ACTION,3170.4390523777856,TurbineInstallation,TurbineInstallation,,40.0,122.0
346,,WTIV,Jackdown,1.6666666666666667,34722.22222222222,ACTION,3170.732667676176,MonopileInstallation,MonopileInstallation,,40.0,
347,,Feeder 0,Jackup,1.6666666666666667,5208.333333333334,ACTION,3171.5456153745095,MonopileInstallation,MonopileInstallation,,,
348,,WTIV,Attach Blade,1.5,18750.0,ACTION,3171.9390523777856,TurbineInstallation,TurbineInstallation,,40.0,122.0
349,,WTIV,Release Blade,0.5,6250.0,ACTION,3172.4390523777856,TurbineInstallation,,,,
350,,WTIV,Lift Blade,1.22,15250.0,ACTION,3173.6590523777854,TurbineInstallation,TurbineInstallation,,40.0,122.0
351,,WTIV,Attach Blade,1.5,18750.0,ACTION,3175.1590523777854,TurbineInstallation,TurbineInstallation,,40.0,122.0
352,,WTIV,Release Blade,0.5,6250.0,ACTION,3175.6590523777854,TurbineInstallation,,,,
353,,Feeder 1,ActiveFeeder,29.60666666666677,92520.83333333365,ACTION,3175.6590523777854,TurbineInstallation,,Site,,
354,,Feeder 0,Queue,8.340246104244443,26063.269075763885,ACTION,3175.6590523777854,TurbineInstallation,,Site,,
355,,WTIV,Lift Blade,1.22,15250.0,ACTION,3176.8790523777857,TurbineInstallation,TurbineInstallation,,40.0,122.0
356,,Feeder 1,Jackdown,1.6666666666666667,5208.333333333334,ACTION,3177.3257190444524,TurbineInstallation,TurbineInstallation,,,
357,,WTIV,Attach Blade,1.5,18750.0,ACTION,3178.3790523777857,TurbineInstallation,TurbineInstallation,,40.0,122.0
358,,WTIV,Jackdown,0.43333333333333335,5416.666666666667,ACTION,3178.812385711119,TurbineInstallation,TurbineInstallation,,40.0,122.0
359,,Feeder 1,Transit,4.841543614544483,15129.823795451508,ACTION,3182.1672626589966,TurbineInstallation,,,,
360,,WTIV,Position Onsite,5.0,62500.0,ACTION,3183.812385711119,TurbineInstallation,,,,
361,,Feeder 1,Fasten Tower Section,2.0,6250.0,ACTION,3184.1672626589966,TurbineInstallation,TurbineInstallation,,,
362,,WTIV,Jackup,0.43333333333333335,5416.666666666667,ACTION,3184.245719044452,TurbineInstallation,TurbineInstallation,,40.0,122.0
363,,WTIV,Release Tower Section,1.0,12500.0,ACTION,3185.245719044452,TurbineInstallation,,,,
364,,WTIV,Lift Tower Section,0.62,7750.0,ACTION,3185.8657190444524,TurbineInstallation,TurbineInstallation,,40.0,122.0
365,,Feeder 1,Fasten Tower Section,2.0,6250.0,ACTION,3186.1672626589966,TurbineInstallation,TurbineInstallation,,,
366,,WTIV,Attach Tower Section,2.0,25000.0,ACTION,3187.8657190444524,TurbineInstallation,TurbineInstallation,,40.0,122.0
367,,Feeder 1,Fasten Nacelle,2.0,6250.0,ACTION,3188.1672626589966,TurbineInstallation,TurbineInstallation,,,
368,,WTIV,Release Tower Section,1.0,12500.0,ACTION,3188.8657190444524,TurbineInstallation,,,,
369,,Feeder 1,Fasten Blade,0.75,2343.75,ACTION,3188.9172626589966,TurbineInstallation,TurbineInstallation,,,
370,,Feeder 1,Fasten Blade,0.75,2343.75,ACTION,3189.6672626589966,TurbineInstallation,TurbineInstallation,,,
371,,WTIV,Lift Tower Section,1.24,15500.0,ACTION,3190.105719044452,TurbineInstallation,TurbineInstallation,,40.0,122.0
372,,Feeder 1,Fasten Blade,0.75,2343.75,ACTION,3190.4172626589966,TurbineInstallation,TurbineInstallation,,,
373,,WTIV,Attach Tower Section,2.0,25000.0,ACTION,3192.105719044452,TurbineInstallation,TurbineInstallation,,40.0,122.0
374,,WTIV,Release Nacelle,1.0,12500.0,ACTION,3193.105719044452,TurbineInstallation,,,,
375,,WTIV,Reequip,1.0,12500.0,ACTION,3194.105719044452,TurbineInstallation,,,,
376,,Feeder 1,Transit,4.841543614544483,15129.823795451508,ACTION,3195.2588062735413,TurbineInstallation,,,,
377,,WTIV,Lift Nacelle,1.22,15250.0,ACTION,3195.3257190444524,TurbineInstallation,TurbineInstallation,,40.0,122.0
378,,Feeder 1,Jackup,1.6666666666666667,5208.333333333334,ACTION,3196.925472940208,TurbineInstallation,TurbineInstallation,,,
379,,WTIV,Attach Nacelle,2.0,25000.0,ACTION,3197.3257190444524,TurbineInstallation,TurbineInstallation,,40.0,122.0
380,,WTIV,Reequip,1.0,12500.0,ACTION,3198.3257190444524,TurbineInstallation,,,,
381,,WTIV,Release Blade,0.5,6250.0,ACTION,3198.8257190444524,TurbineInstallation,,,,
382,,WTIV,Lift Blade,1.22,15250.0,ACTION,3200.045719044452,TurbineInstallation,TurbineInstallation,,40.0,122.0
383,,WTIV,Attach Blade,1.5,18750.0,ACTION,3201.545719044452,TurbineInstallation,TurbineInstallation,,40.0,122.0
384,,WTIV,Release Blade,0.5,6250.0,ACTION,3202.045719044452,TurbineInstallation,,,,
385,,WTIV,Lift Blade,1.22,15250.0,ACTION,3203.2657190444525,TurbineInstallation,TurbineInstallation,,40.0,122.0
386,,Feeder 1,Transit,39.339640768210714,122936.37740065849,ACTION,3204.0723084443866,MonopileInstallation,,,,
387,,Feeder 0,Queue,32.52669306987718,101645.9158433662,ACTION,3204.0723084443866,MonopileInstallation,,Site,,
388,,WTIV,Delay: Not enough vessels for monopiles,33.33964076821076,694575.849337724,ACTION,3204.0723084443866,MonopileInstallation,,Site,,
389,,WTIV,Attach Blade,1.5,18750.0,ACTION,3204.7657190444525,TurbineInstallation,TurbineInstallation,,40.0,122.0
390,,WTIV,Release Blade,0.5,6250.0,ACTION,3205.2657190444525,TurbineInstallation,,,,
391,,Feeder 0,ActiveFeeder,29.606666666666797,92520.83333333374,ACTION,3205.2657190444525,TurbineInstallation,,Site,,
392,,Feeder 1,Queue,8.340246104244443,26063.269075763885,ACTION,3205.2657190444525,TurbineInstallation,,Site,,
393,,WTIV,Lift Blade,1.22,15250.0,ACTION,3206.4857190444523,TurbineInstallation,TurbineInstallation,,40.0,122.0
394,,Feeder 0,Jackdown,1.6666666666666667,5208.333333333334,ACTION,3206.932385711119,TurbineInstallation,TurbineInstallation,,,
395,,WTIV,Attach Blade,1.5,18750.0,ACTION,3207.9857190444523,TurbineInstallation,TurbineInstallation,,40.0,122.0
396,,WTIV,Jackdown,0.43333333333333335,5416.666666666667,ACTION,3208.4190523777856,TurbineInstallation,TurbineInstallation,,40.0,122.0
397,,WTIV,Position Onsite,5.0,104166.66666666666,ACTION,3209.0723084443866,MonopileInstallation,,,,
398,,WTIV,Jackup,1.6666666666666667,34722.22222222222,ACTION,3210.738975111053,MonopileInstallation,MonopileInstallation,,40.0,
399,,WTIV,RovSurvey,1.0,20833.333333333332,ACTION,3211.738975111053,MonopileInstallation,MonopileInstallation,,40.0,
400,,Feeder 0,Transit,4.841543614544483,15129.823795451508,ACTION,3211.7739293256636,TurbineInstallation,,,,
401,,WTIV,Position Onsite,5.0,62500.0,ACTION,3213.4190523777856,TurbineInstallation,,,,
402,,Feeder 0,Fasten Tower Section,2.0,6250.0,ACTION,3213.7739293256636,TurbineInstallation,TurbineInstallation,,,
403,,WTIV,Jackup,0.43333333333333335,5416.666666666667,ACTION,3213.852385711119,TurbineInstallation,TurbineInstallation,,40.0,122.0
404,,WTIV,Release Tower Section,1.0,12500.0,ACTION,3214.852385711119,TurbineInstallation,,,,
405,,WTIV,Lift Tower Section,0.62,7750.0,ACTION,3215.472385711119,TurbineInstallation,TurbineInstallation,,40.0,122.0
406,,Feeder 0,Fasten Tower Section,2.0,6250.0,ACTION,3215.7739293256636,TurbineInstallation,TurbineInstallation,,,
407,,Feeder 1,Fasten Monopile,12.0,37500.0,ACTION,3216.0723084443866,MonopileInstallation,MonopileInstallation,,,
408,,WTIV,Attach Tower Section,2.0,25000.0,ACTION,3217.472385711119,TurbineInstallation,TurbineInstallation,,40.0,122.0
409,,Feeder 0,Fasten Nacelle,2.0,6250.0,ACTION,3217.7739293256636,TurbineInstallation,TurbineInstallation,,,
410,,WTIV,Release Tower Section,1.0,12500.0,ACTION,3218.472385711119,TurbineInstallation,,,,
411,,Feeder 0,Fasten Blade,0.75,2343.75,ACTION,3218.5239293256636,TurbineInstallation,TurbineInstallation,,,
412,,Feeder 0,Fasten Blade,0.75,2343.75,ACTION,3219.2739293256636,TurbineInstallation,TurbineInstallation,,,
413,,WTIV,Lift Tower Section,1.24,15500.0,ACTION,3219.712385711119,TurbineInstallation,TurbineInstallation,,40.0,122.0
414,,Feeder 0,Fasten Blade,0.75,2343.75,ACTION,3220.0239293256636,TurbineInstallation,TurbineInstallation,,,
415,,WTIV,Attach Tower Section,2.0,25000.0,ACTION,3221.712385711119,TurbineInstallation,TurbineInstallation,,40.0,122.0
416,,WTIV,Release Monopile,10.0,208333.3333333333,ACTION,3221.738975111053,MonopileInstallation,,,,
417,,WTIV,Upend Monopile,0.8594532455150841,17905.275948230916,ACTION,3222.598428356568,MonopileInstallation,MonopileInstallation,,40.0,
418,,WTIV,Lower Monopile,0.005,104.16666666666666,ACTION,3222.603428356568,MonopileInstallation,MonopileInstallation,,40.0,
419,,WTIV,Release Nacelle,1.0,12500.0,ACTION,3222.712385711119,TurbineInstallation,,,,
420,,WTIV,Crane Reequip,1.0,20833.333333333332,ACTION,3223.603428356568,MonopileInstallation,MonopileInstallation,,40.0,
421,,WTIV,Reequip,1.0,12500.0,ACTION,3223.712385711119,TurbineInstallation,,,,
422,,Feeder 1,Fasten Transition Piece,8.0,25000.0,ACTION,3224.0723084443866,MonopileInstallation,MonopileInstallation,,,
423,,WTIV,Drive Monopile,1.2,24999.999999999996,ACTION,3224.803428356568,MonopileInstallation,MonopileInstallation,,40.0,
424,,Feeder 0,Transit,4.841543614544483,15129.823795451508,ACTION,3224.865472940208,TurbineInstallation,,,,
425,,WTIV,Lift Nacelle,1.22,15250.0,ACTION,3224.932385711119,TurbineInstallation,TurbineInstallation,,40.0,122.0
426,,Feeder 0,Jackup,1.6666666666666667,5208.333333333334,ACTION,3226.532139606875,TurbineInstallation,TurbineInstallation,,,
427,,WTIV,Attach Nacelle,2.0,25000.0,ACTION,3226.932385711119,TurbineInstallation,TurbineInstallation,,40.0,122.0
428,,WTIV,Reequip,1.0,12500.0,ACTION,3227.932385711119,TurbineInstallation,,,,
429,,WTIV,Release Blade,0.5,6250.0,ACTION,3228.432385711119,TurbineInstallation,,,,
430,,WTIV,Lift Blade,1.22,15250.0,ACTION,3229.652385711119,TurbineInstallation,TurbineInstallation,,40.0,122.0
431,,WTIV,Attach Blade,1.5,18750.0,ACTION,3231.152385711119,TurbineInstallation,TurbineInstallation,,40.0,122.0
432,,WTIV,Release Blade,0.5,6250.0,ACTION,3231.652385711119,TurbineInstallation,,,,
433,,WTIV,Lift Blade,1.22,15250.0,ACTION,3232.872385711119,TurbineInstallation,TurbineInstallation,,40.0,122.0
434,,WTIV,Attach Blade,1.5,18750.0,ACTION,3234.372385711119,TurbineInstallation,TurbineInstallation,,40.0,122.0
435,,WTIV,Release Transition Piece,10.0,208333.3333333333,ACTION,3234.803428356568,MonopileInstallation,,,,
436,,WTIV,Release Blade,0.5,6250.0,ACTION,3234.872385711119,TurbineInstallation,,,,
437,,Feeder 1,ActiveFeeder,29.606666666666797,92520.83333333374,ACTION,3234.872385711119,TurbineInstallation,,Site,,
438,,Feeder 0,Queue,8.340246104244443,26063.269075763885,ACTION,3234.872385711119,TurbineInstallation,,Site,,
439,,WTIV,Crane Reequip,1.0,20833.333333333332,ACTION,3235.803428356568,MonopileInstallation,MonopileInstallation,,40.0,
440,,Feeder 1,Fasten Monopile,12.0,37500.0,ACTION,3236.0723084443866,MonopileInstallation,MonopileInstallation,,,
441,,WTIV,Lift Blade,1.22,15250.0,ACTION,3236.0923857111193,TurbineInstallation,TurbineInstallation,,40.0,122.0
442,,Feeder 1,Jackdown,1.6666666666666667,5208.333333333334,ACTION,3236.539052377786,TurbineInstallation,TurbineInstallation,,,
443,,WTIV,Lower TP,1.0,20833.333333333332,ACTION,3236.803428356568,MonopileInstallation,MonopileInstallation,,40.0,
444,,WTIV,Attach Blade,1.5,18750.0,ACTION,3237.5923857111193,TurbineInstallation,TurbineInstallation,,40.0,122.0
445,,WTIV,Jackdown,0.43333333333333335,5416.666666666667,ACTION,3238.0257190444527,TurbineInstallation,TurbineInstallation,,40.0,122.0
446,,WTIV,Bolt TP,4.0,83333.33333333333,ACTION,3240.803428356568,MonopileInstallation,MonopileInstallation,,40.0,
447,,Feeder 1,Transit,4.841543614544483,15129.823795451508,ACTION,3241.38059599233,TurbineInstallation,,,,
448,,WTIV,Jackdown,1.6666666666666667,34722.22222222222,ACTION,3242.4700950232345,MonopileInstallation,MonopileInstallation,,40.0,
449,,WTIV,Position Onsite,5.0,62500.0,ACTION,3243.0257190444527,TurbineInstallation,,,,
450,,Feeder 1,Fasten Tower Section,2.0,6250.0,ACTION,3243.38059599233,TurbineInstallation,TurbineInstallation,,,
451,,WTIV,Jackup,0.43333333333333335,5416.666666666667,ACTION,3243.459052377786,TurbineInstallation,TurbineInstallation,,40.0,122.0
452,,Feeder 1,Fasten Transition Piece,8.0,25000.0,ACTION,3244.0723084443866,MonopileInstallation,MonopileInstallation,,,
453,,WTIV,Release Tower Section,1.0,12500.0,ACTION,3244.459052377786,TurbineInstallation,,,,
454,,WTIV,Lift Tower Section,0.62,7750.0,ACTION,3245.079052377786,TurbineInstallation,TurbineInstallation,,40.0,122.0
455,,Feeder 1,Fasten Tower Section,2.0,6250.0,ACTION,3245.38059599233,TurbineInstallation,TurbineInstallation,,,
456,,WTIV,Attach Tower Section,2.0,25000.0,ACTION,3247.079052377786,TurbineInstallation,TurbineInstallation,,40.0,122.0
457,,Feeder 1,Fasten Nacelle,2.0,6250.0,ACTION,3247.38059599233,TurbineInstallation,TurbineInstallation,,,
458,,WTIV,Position Onsite,5.0,104166.66666666666,ACTION,3247.4700950232345,MonopileInstallation,,,,
459,,WTIV,Release Tower Section,1.0,12500.0,ACTION,3248.079052377786,TurbineInstallation,,,,
460,,Feeder 1,Fasten Blade,0.75,2343.75,ACTION,3248.13059599233,TurbineInstallation,TurbineInstallation,,,
461,,Feeder 1,Fasten Blade,0.75,2343.75,ACTION,3248.88059599233,TurbineInstallation,TurbineInstallation,,,
462,,WTIV,Jackup,1.6666666666666667,34722.22222222222,ACTION,3249.136761689901,MonopileInstallation,MonopileInstallation,,40.0,
463,,WTIV,Lift Tower Section,1.24,15500.0,ACTION,3249.3190523777857,TurbineInstallation,TurbineInstallation,,40.0,122.0
464,,Feeder 1,Fasten Blade,0.75,2343.75,ACTION,3249.63059599233,TurbineInstallation,TurbineInstallation,,,
465,,WTIV,RovSurvey,1.0,20833.333333333332,ACTION,3250.136761689901,MonopileInstallation,MonopileInstallation,,40.0,
466,,WTIV,Attach Tower Section,2.0,25000.0,ACTION,3251.3190523777857,TurbineInstallation,TurbineInstallation,,40.0,122.0
467,,WTIV,Release Nacelle,1.0,12500.0,ACTION,3252.3190523777857,TurbineInstallation,,,,
468,,Feeder 1,Fasten Monopile,9.0,28125.0,ACTION,3253.0723084443866,MonopileInstallation,MonopileInstallation,,,
469,,WTIV,Reequip,1.0,12500.0,ACTION,3253.3190523777857,TurbineInstallation,,,,
470,,WTIV,Release Monopile,10.0,208333.3333333333,ACTION,3260.136761689901,MonopileInstallation,,,,
471,,WTIV,Upend Monopile,0.8594532455150841,17905.275948230916,ACTION,3260.996214935416,MonopileInstallation,MonopileInstallation,,40.0,
472,,WTIV,Lower Monopile,0.005,104.16666666666666,ACTION,3261.001214935416,MonopileInstallation,MonopileInstallation,,40.0,
473,,WTIV,Crane Reequip,1.0,20833.333333333332,ACTION,3262.001214935416,MonopileInstallation,MonopileInstallation,,40.0,
474,,WTIV,Delay,4.0,83333.33333333333,ACTION,3266.001214935416,MonopileInstallation,MonopileInstallation,,40.0,
475,,WTIV,Drive Monopile,1.2,24999.999999999996,ACTION,3267.201214935416,MonopileInstallation,MonopileInstallation,,40.0,
476,,Feeder 1,Delay,24.0,75000.0,ACTION,3273.63059599233,TurbineInstallation,,,,
477,,Feeder 1,Delay,21.0,65625.0,ACTION,3274.0723084443866,MonopileInstallation,MonopileInstallation,,,
478,,WTIV,Delay,21.0,262500.0,ACTION,3274.3190523777857,TurbineInstallation,TurbineInstallation,,40.0,122.0
479,,WTIV,Lift Nacelle,1.22,15250.0,ACTION,3275.539052377786,TurbineInstallation,TurbineInstallation,,40.0,122.0
480,,Feeder 1,Fasten Monopile,3.0,9375.0,ACTION,3277.0723084443866,MonopileInstallation,MonopileInstallation,,,
481,,WTIV,Release Transition Piece,10.0,208333.3333333333,ACTION,3277.201214935416,MonopileInstallation,,,,
482,,WTIV,Attach Nacelle,2.0,25000.0,ACTION,3277.539052377786,TurbineInstallation,TurbineInstallation,,40.0,122.0
483,,WTIV,Crane Reequip,1.0,20833.333333333332,ACTION,3278.201214935416,MonopileInstallation,MonopileInstallation,,40.0,
484,,Feeder 1,Transit,4.841543614544483,15129.823795451508,ACTION,3278.472139606875,TurbineInstallation,,,,
485,,WTIV,Reequip,1.0,12500.0,ACTION,3278.539052377786,TurbineInstallation,,,,
486,,WTIV,Release Blade,0.5,6250.0,ACTION,3279.039052377786,TurbineInstallation,,,,
487,,WTIV,Lower TP,1.0,20833.333333333332,ACTION,3279.201214935416,MonopileInstallation,MonopileInstallation,,40.0,
488,,Feeder 1,Jackup,1.6666666666666667,5208.333333333334,ACTION,3280.1388062735414,TurbineInstallation,TurbineInstallation,,,
489,,WTIV,Lift Blade,1.22,15250.0,ACTION,3280.259052377786,TurbineInstallation,TurbineInstallation,,40.0,122.0
490,,WTIV,Attach Blade,1.5,18750.0,ACTION,3281.759052377786,TurbineInstallation,TurbineInstallation,,40.0,122.0
491,,WTIV,Release Blade,0.5,6250.0,ACTION,3282.259052377786,TurbineInstallation,,,,
492,,WTIV,Bolt TP,4.0,83333.33333333333,ACTION,3283.201214935416,MonopileInstallation,MonopileInstallation,,40.0,
493,,WTIV,Lift Blade,1.22,15250.0,ACTION,3283.479052377786,TurbineInstallation,TurbineInstallation,,40.0,122.0
494,,WTIV,Jackdown,1.6666666666666667,34722.22222222222,ACTION,3284.8678816020824,MonopileInstallation,MonopileInstallation,,40.0,
495,,WTIV,Attach Blade,1.5,18750.0,ACTION,3284.979052377786,TurbineInstallation,TurbineInstallation,,40.0,122.0
496,,Feeder 1,Fasten Transition Piece,8.0,25000.0,ACTION,3285.0723084443866,MonopileInstallation,MonopileInstallation,,,
497,,WTIV,Release Blade,0.5,6250.0,ACTION,3285.479052377786,TurbineInstallation,,,,
498,,Feeder 0,ActiveFeeder,50.6066666666668,158145.83333333375,ACTION,3285.479052377786,TurbineInstallation,,Site,,
499,,Feeder 1,Queue,5.340246104244443,16688.269075763885,ACTION,3285.479052377786,TurbineInstallation,,Site,,
500,,WTIV,Lift Blade,1.22,15250.0,ACTION,3286.699052377786,TurbineInstallation,TurbineInstallation,,40.0,122.0
501,,Feeder 0,Jackdown,1.6666666666666667,5208.333333333334,ACTION,3287.1457190444526,TurbineInstallation,TurbineInstallation,,,
502,,WTIV,Attach Blade,1.5,18750.0,ACTION,3288.199052377786,TurbineInstallation,TurbineInstallation,,40.0,122.0
503,,WTIV,Jackdown,0.43333333333333335,5416.666666666667,ACTION,3288.6323857111192,TurbineInstallation,TurbineInstallation,,40.0,122.0
504,,WTIV,Position Onsite,5.0,104166.66666666666,ACTION,3289.8678816020824,MonopileInstallation,,,,
505,,WTIV,Jackup,1.6666666666666667,34722.22222222222,ACTION,3291.534548268749,MonopileInstallation,MonopileInstallation,,40.0,
506,,Feeder 0,Transit,4.841543614544483,15129.823795451508,ACTION,3291.987262658997,TurbineInstallation,,,,
507,,WTIV,RovSurvey,1.0,20833.333333333332,ACTION,3292.534548268749,MonopileInstallation,MonopileInstallation,,40.0,
508,,WTIV,Position Onsite,5.0,62500.0,ACTION,3293.6323857111192,TurbineInstallation,,,,
509,,Feeder 0,Fasten Tower Section,2.0,6250.0,ACTION,3293.987262658997,TurbineInstallation,TurbineInstallation,,,
510,,WTIV,Jackup,0.43333333333333335,5416.666666666667,ACTION,3294.0657190444526,TurbineInstallation,TurbineInstallation,,40.0,122.0
511,,WTIV,Release Tower Section,1.0,12500.0,ACTION,3295.0657190444526,TurbineInstallation,,,,
512,,WTIV,Lift Tower Section,0.62,7750.0,ACTION,3295.6857190444525,TurbineInstallation,TurbineInstallation,,40.0,122.0
513,,Feeder 0,Fasten Tower Section,2.0,6250.0,ACTION,3295.987262658997,TurbineInstallation,TurbineInstallation,,,
514,,WTIV,Attach Tower Section,2.0,25000.0,ACTION,3297.6857190444525,TurbineInstallation,TurbineInstallation,,40.0,122.0
515,,Feeder 0,Fasten Nacelle,2.0,6250.0,ACTION,3297.987262658997,TurbineInstallation,TurbineInstallation,,,
516,,WTIV,Release Tower Section,1.0,12500.0,ACTION,3298.6857190444525,TurbineInstallation,,,,
517,,Feeder 0,Fasten Blade,0.75,2343.75,ACTION,3298.737262658997,TurbineInstallation,TurbineInstallation,,,
518,,Feeder 0,Fasten Blade,0.75,2343.75,ACTION,3299.487262658997,TurbineInstallation,TurbineInstallation,,,
519,,WTIV,Lift Tower Section,1.24,15500.0,ACTION,3299.9257190444528,TurbineInstallation,TurbineInstallation,,40.0,122.0
520,,Feeder 0,Fasten Blade,0.75,2343.75,ACTION,3300.237262658997,TurbineInstallation,TurbineInstallation,,,
521,,WTIV,Attach Tower Section,2.0,25000.0,ACTION,3301.9257190444528,TurbineInstallation,TurbineInstallation,,40.0,122.0
522,,WTIV,Release Monopile,10.0,208333.3333333333,ACTION,3302.534548268749,MonopileInstallation,,,,
523,,WTIV,Release Nacelle,1.0,12500.0,ACTION,3302.9257190444528,TurbineInstallation,,,,
524,,WTIV,Upend Monopile,0.8594532455150841,17905.275948230916,ACTION,3303.394001514264,MonopileInstallation,MonopileInstallation,,40.0,
525,,WTIV,Lower Monopile,0.005,104.16666666666666,ACTION,3303.399001514264,MonopileInstallation,MonopileInstallation,,40.0,
526,,WTIV,Reequip,1.0,12500.0,ACTION,3303.9257190444528,TurbineInstallation,,,,
527,,WTIV,Crane Reequip,1.0,20833.333333333332,ACTION,3304.399001514264,MonopileInstallation,MonopileInstallation,,40.0,
528,,Feeder 0,Transit,4.841543614544483,15129.823795451508,ACTION,3305.0788062735414,TurbineInstallation,,,,
529,,WTIV,Lift Nacelle,1.22,15250.0,ACTION,3305.1457190444526,TurbineInstallation,TurbineInstallation,,40.0,122.0
530,,WTIV,Drive Monopile,1.2,24999.999999999996,ACTION,3305.599001514264,MonopileInstallation,MonopileInstallation,,40.0,
531,,Feeder 0,Jackup,1.6666666666666667,5208.333333333334,ACTION,3306.7454729402084,TurbineInstallation,TurbineInstallation,,,
532,,WTIV,Attach Nacelle,2.0,25000.0,ACTION,3307.1457190444526,TurbineInstallation,TurbineInstallation,,40.0,122.0
533,,WTIV,Reequip,1.0,12500.0,ACTION,3308.1457190444526,TurbineInstallation,,,,
534,,WTIV,Release Blade,0.5,6250.0,ACTION,3308.6457190444526,TurbineInstallation,,,,
535,,WTIV,Lift Blade,1.22,15250.0,ACTION,3309.865719044453,TurbineInstallation,TurbineInstallation,,40.0,122.0
536,,WTIV,Attach Blade,1.5,18750.0,ACTION,3311.365719044453,TurbineInstallation,TurbineInstallation,,40.0,122.0
537,,WTIV,Release Blade,0.5,6250.0,ACTION,3311.865719044453,TurbineInstallation,,,,
538,,WTIV,Lift Blade,1.22,15250.0,ACTION,3313.0857190444526,TurbineInstallation,TurbineInstallation,,40.0,122.0
539,,WTIV,Attach Blade,1.5,18750.0,ACTION,3314.5857190444526,TurbineInstallation,TurbineInstallation,,40.0,122.0
540,,WTIV,Release Blade,0.5,6250.0,ACTION,3315.0857190444526,TurbineInstallation,,,,
541,,Feeder 1,ActiveFeeder,29.606666666666797,92520.83333333374,ACTION,3315.0857190444526,TurbineInstallation,,Site,,
542,,Feeder 0,Queue,8.340246104244443,26063.269075763885,ACTION,3315.0857190444526,TurbineInstallation,,Site,,
543,,WTIV,Release Transition Piece,10.0,208333.3333333333,ACTION,3315.599001514264,MonopileInstallation,,,,
544,,Feeder 0,ActiveFeeder,111.52669306987718,348520.9158433662,ACTION,3315.599001514264,MonopileInstallation,,Site,,
545,,WTIV,Lift Blade,1.22,15250.0,ACTION,3316.305719044453,TurbineInstallation,TurbineInstallation,,40.0,122.0
546,,WTIV,Crane Reequip,1.0,20833.333333333332,ACTION,3316.599001514264,MonopileInstallation,MonopileInstallation,,40.0,
547,,Feeder 1,Jackdown,1.6666666666666667,5208.333333333334,ACTION,3316.7523857111196,TurbineInstallation,TurbineInstallation,,,
548,,Feeder 0,Jackdown,1.6666666666666667,5208.333333333334,ACTION,3317.2656681809303,MonopileInstallation,MonopileInstallation,,,
549,,WTIV,Lower TP,1.0,20833.333333333332,ACTION,3317.599001514264,MonopileInstallation,MonopileInstallation,,40.0,
550,,WTIV,Attach Blade,1.5,18750.0,ACTION,3317.805719044453,TurbineInstallation,TurbineInstallation,,40.0,122.0
551,,WTIV,Jackdown,0.43333333333333335,5416.666666666667,ACTION,3318.2390523777863,TurbineInstallation,TurbineInstallation,,40.0,122.0
552,,Feeder 1,Transit,4.841543614544483,15129.823795451508,ACTION,3321.593929325664,TurbineInstallation,,,,
553,,WTIV,Bolt TP,4.0,83333.33333333333,ACTION,3321.599001514264,MonopileInstallation,MonopileInstallation,,40.0,
554,,WTIV,Position Onsite,5.0,62500.0,ACTION,3323.2390523777863,TurbineInstallation,,,,
555,,WTIV,Jackdown,1.6666666666666667,34722.22222222222,ACTION,3323.2656681809303,MonopileInstallation,MonopileInstallation,,40.0,
556,,Feeder 1,Fasten Tower Section,2.0,6250.0,ACTION,3323.593929325664,TurbineInstallation,TurbineInstallation,,,
557,,WTIV,Jackup,0.43333333333333335,5416.666666666667,ACTION,3323.672385711119,TurbineInstallation,TurbineInstallation,,40.0,122.0
558,,Feeder 1,Transit,39.339640768210714,122936.37740065849,ACTION,3324.4119492125974,MonopileInstallation,,,,
559,,WTIV,Release Tower Section,1.0,12500.0,ACTION,3324.672385711119,TurbineInstallation,,,,
560,,WTIV,Lift Tower Section,0.62,7750.0,ACTION,3325.2923857111196,TurbineInstallation,TurbineInstallation,,40.0,122.0
561,,Feeder 1,Fasten Tower Section,2.0,6250.0,ACTION,3325.593929325664,TurbineInstallation,TurbineInstallation,,,
562,,Feeder 1,Jackup,1.6666666666666667,5208.333333333334,ACTION,3326.078615879264,MonopileInstallation,MonopileInstallation,,,
563,,WTIV,Attach Tower Section,2.0,25000.0,ACTION,3327.2923857111196,TurbineInstallation,TurbineInstallation,,40.0,122.0
564,,Feeder 1,Fasten Nacelle,2.0,6250.0,ACTION,3327.593929325664,TurbineInstallation,TurbineInstallation,,,
565,,WTIV,Release Tower Section,1.0,12500.0,ACTION,3328.2923857111196,TurbineInstallation,,,,
566,,Feeder 1,Fasten Blade,0.75,2343.75,ACTION,3328.343929325664,TurbineInstallation,TurbineInstallation,,,
567,,Feeder 1,Fasten Blade,0.75,2343.75,ACTION,3329.093929325664,TurbineInstallation,TurbineInstallation,,,
568,,WTIV,Lift Tower Section,1.24,15500.0,ACTION,3329.5323857111193,TurbineInstallation,TurbineInstallation,,40.0,122.0
569,,Feeder 1,Fasten Blade,0.75,2343.75,ACTION,3329.843929325664,TurbineInstallation,TurbineInstallation,,,
570,,WTIV,Attach Tower Section,2.0,25000.0,ACTION,3331.5323857111193,TurbineInstallation,TurbineInstallation,,40.0,122.0
571,,WTIV,Release Nacelle,1.0,12500.0,ACTION,3332.5323857111193,TurbineInstallation,,,,
572,,WTIV,Reequip,1.0,12500.0,ACTION,3333.5323857111193,TurbineInstallation,,,,
573,,Feeder 1,Transit,4.841543614544483,15129.823795451508,ACTION,3334.6854729402085,TurbineInstallation,,,,
574,,WTIV,Lift Nacelle,1.22,15250.0,ACTION,3334.7523857111196,TurbineInstallation,TurbineInstallation,,40.0,122.0
575,,Feeder 1,Jackup,1.6666666666666667,5208.333333333334,ACTION,3336.352139606875,TurbineInstallation,TurbineInstallation,,,
576,,WTIV,Attach Nacelle,2.0,25000.0,ACTION,3336.7523857111196,TurbineInstallation,TurbineInstallation,,40.0,122.0
577,,WTIV,Reequip,1.0,12500.0,ACTION,3337.7523857111196,TurbineInstallation,,,,
578,,WTIV,Release Blade,0.5,6250.0,ACTION,3338.2523857111196,TurbineInstallation,,,,
579,,WTIV,Lift Blade,1.22,15250.0,ACTION,3339.4723857111194,TurbineInstallation,TurbineInstallation,,40.0,122.0
580,,WTIV,Attach Blade,1.5,18750.0,ACTION,3340.9723857111194,TurbineInstallation,TurbineInstallation,,40.0,122.0
581,,WTIV,Release Blade,0.5,6250.0,ACTION,3341.4723857111194,TurbineInstallation,,,,
582,,WTIV,Lift Blade,1.22,15250.0,ACTION,3342.6923857111196,TurbineInstallation,TurbineInstallation,,40.0,122.0
583,,WTIV,Delay,20.0,250000.0,ACTION,3362.6923857111196,TurbineInstallation,TurbineInstallation,,40.0,122.0
584,,Feeder 0,Delay,46.0,143750.0,ACTION,3363.2656681809303,MonopileInstallation,,,,
585,,WTIV,Attach Blade,1.5,18750.0,ACTION,3364.1923857111196,TurbineInstallation,TurbineInstallation,,40.0,122.0
586,,WTIV,Release Blade,0.5,6250.0,ACTION,3364.6923857111196,TurbineInstallation,,,,
587,,Feeder 0,ActiveFeeder,49.6066666666668,155020.83333333375,ACTION,3364.6923857111196,TurbineInstallation,,Site,,
588,,Feeder 1,Queue,28.340246104244443,88563.26907576388,ACTION,3364.6923857111196,TurbineInstallation,,Site,,
589,,WTIV,Lift Blade,1.22,15250.0,ACTION,3365.9123857111194,TurbineInstallation,TurbineInstallation,,40.0,122.0
590,,Feeder 0,Jackdown,1.6666666666666667,5208.333333333334,ACTION,3366.359052377786,TurbineInstallation,TurbineInstallation,,,
591,,WTIV,Attach Blade,1.5,18750.0,ACTION,3367.4123857111194,TurbineInstallation,TurbineInstallation,,40.0,122.0
592,,WTIV,Jackdown,0.43333333333333335,5416.666666666667,ACTION,3367.845719044453,TurbineInstallation,TurbineInstallation,,40.0,122.0
593,,Feeder 0,Transit,4.841543614544483,15129.823795451508,ACTION,3371.200595992331,TurbineInstallation,,,,
594,,WTIV,Position Onsite,5.0,62500.0,ACTION,3372.845719044453,TurbineInstallation,,,,
595,,WTIV,Jackup,0.43333333333333335,5416.666666666667,ACTION,3373.2790523777862,TurbineInstallation,TurbineInstallation,,40.0,122.0
596,,WTIV,Release Tower Section,1.0,12500.0,ACTION,3374.2790523777862,TurbineInstallation,,,,
597,,WTIV,Lift Tower Section,0.62,7750.0,ACTION,3374.899052377786,TurbineInstallation,TurbineInstallation,,40.0,122.0
598,,WTIV,Attach Tower Section,2.0,25000.0,ACTION,3376.899052377786,TurbineInstallation,TurbineInstallation,,40.0,122.0
599,,WTIV,Release Tower Section,1.0,12500.0,ACTION,3377.899052377786,TurbineInstallation,,,,
600,,WTIV,Lift Tower Section,1.24,15500.0,ACTION,3379.1390523777864,TurbineInstallation,TurbineInstallation,,40.0,122.0
601,,WTIV,Attach Tower Section,2.0,25000.0,ACTION,3381.1390523777864,TurbineInstallation,TurbineInstallation,,40.0,122.0
602,,WTIV,Release Nacelle,1.0,12500.0,ACTION,3382.1390523777864,TurbineInstallation,,,,
603,,WTIV,Reequip,1.0,12500.0,ACTION,3383.1390523777864,TurbineInstallation,,,,
604,,WTIV,Lift Nacelle,1.22,15250.0,ACTION,3384.359052377786,TurbineInstallation,TurbineInstallation,,40.0,122.0
605,,WTIV,Attach Nacelle,2.0,25000.0,ACTION,3386.359052377786,TurbineInstallation,TurbineInstallation,,40.0,122.0
606,,WTIV,Reequip,1.0,12500.0,ACTION,3387.359052377786,TurbineInstallation,,,,
607,,WTIV,Release Blade,0.5,6250.0,ACTION,3387.859052377786,TurbineInstallation,,,,
608,,WTIV,Lift Blade,1.22,15250.0,ACTION,3389.0790523777864,TurbineInstallation,TurbineInstallation,,40.0,122.0
609,,WTIV,Attach Blade,1.5,18750.0,ACTION,3390.5790523777864,TurbineInstallation,TurbineInstallation,,40.0,122.0
610,,WTIV,Release Blade,0.5,6250.0,ACTION,3391.0790523777864,TurbineInstallation,,,,
611,,WTIV,Lift Blade,1.22,15250.0,ACTION,3392.299052377786,TurbineInstallation,TurbineInstallation,,40.0,122.0
612,,WTIV,Attach Blade,1.5,18750.0,ACTION,3393.799052377786,TurbineInstallation,TurbineInstallation,,40.0,122.0
613,,WTIV,Release Blade,0.5,6250.0,ACTION,3394.299052377786,TurbineInstallation,,,,
614,,Feeder 1,ActiveFeeder,29.606666666666797,92520.83333333374,ACTION,3394.299052377786,TurbineInstallation,,Site,,
615,,WTIV,Lift Blade,1.22,15250.0,ACTION,3395.5190523777865,TurbineInstallation,TurbineInstallation,,40.0,122.0
616,,Feeder 1,Jackdown,1.6666666666666667,5208.333333333334,ACTION,3395.965719044453,TurbineInstallation,TurbineInstallation,,,
617,,WTIV,Attach Blade,1.5,18750.0,ACTION,3397.0190523777865,TurbineInstallation,TurbineInstallation,,40.0,122.0
618,,WTIV,Jackdown,0.43333333333333335,5416.666666666667,ACTION,3397.45238571112,TurbineInstallation,TurbineInstallation,,40.0,122.0
619,,Feeder 1,Transit,4.841543614544483,15129.823795451508,ACTION,3400.8072626589974,TurbineInstallation,,,,
620,,WTIV,Transit,4.841543614544483,60519.29518180603,ACTION,3402.293929325664,TurbineInstallation,,,,
621,,Feeder 0,Transit,39.339640768210714,122936.37740065849,ACTION,3402.605308949141,MonopileInstallation,,,,
622,,Feeder 1,Queue,76.52669306987718,239145.9158433662,ACTION,3402.605308949141,MonopileInstallation,,Site,,
623,,WTIV,Delay: Not enough vessels for monopiles,79.33964076821076,1652909.1826710573,ACTION,3402.605308949141,MonopileInstallation,,Site,,
624,,WTIV,Position Onsite,5.0,104166.66666666666,ACTION,3407.605308949141,MonopileInstallation,,,,
625,,WTIV,Jackup,1.6666666666666667,34722.22222222222,ACTION,3409.2719756158076,MonopileInstallation,MonopileInstallation,,40.0,
626,,WTIV,RovSurvey,1.0,20833.333333333332,ACTION,3410.2719756158076,MonopileInstallation,MonopileInstallation,,40.0,
627,,WTIV,Release Monopile,10.0,208333.3333333333,ACTION,3420.2719756158076,MonopileInstallation,,,,
628,,WTIV,Upend Monopile,0.8594532455150841,17905.275948230916,ACTION,3421.1314288613225,MonopileInstallation,MonopileInstallation,,40.0,
629,,WTIV,Lower Monopile,0.005,104.16666666666666,ACTION,3421.1364288613227,MonopileInstallation,MonopileInstallation,,40.0,
630,,WTIV,Crane Reequip,1.0,20833.333333333332,ACTION,3422.1364288613227,MonopileInstallation,MonopileInstallation,,40.0,
631,,WTIV,Drive Monopile,1.2,24999.999999999996,ACTION,3423.3364288613225,MonopileInstallation,MonopileInstallation,,40.0,
632,,WTIV,Release Transition Piece,10.0,208333.3333333333,ACTION,3433.3364288613225,MonopileInstallation,,,,
633,,WTIV,Crane Reequip,1.0,20833.333333333332,ACTION,3434.3364288613225,MonopileInstallation,MonopileInstallation,,40.0,
634,,WTIV,Lower TP,1.0,20833.333333333332,ACTION,3435.3364288613225,MonopileInstallation,MonopileInstallation,,40.0,
635,,WTIV,Bolt TP,4.0,83333.33333333333,ACTION,3439.3364288613225,MonopileInstallation,MonopileInstallation,,40.0,
636,,WTIV,Jackdown,1.6666666666666667,34722.22222222222,ACTION,3441.003095527989,MonopileInstallation,MonopileInstallation,,40.0,
637,,WTIV,Position Onsite,5.0,104166.66666666666,ACTION,3446.003095527989,MonopileInstallation,,,,
638,,WTIV,Jackup,1.6666666666666667,34722.22222222222,ACTION,3447.6697621946555,MonopileInstallation,MonopileInstallation,,40.0,
639,,WTIV,RovSurvey,1.0,20833.333333333332,ACTION,3448.6697621946555,MonopileInstallation,MonopileInstallation,,40.0,
640,,WTIV,Release Monopile,10.0,208333.3333333333,ACTION,3458.6697621946555,MonopileInstallation,,,,
641,,WTIV,Upend Monopile,0.8594532455150841,17905.275948230916,ACTION,3459.5292154401704,MonopileInstallation,MonopileInstallation,,40.0,
642,,WTIV,Lower Monopile,0.005,104.16666666666666,ACTION,3459.5342154401706,MonopileInstallation,MonopileInstallation,,40.0,
643,,WTIV,Crane Reequip,1.0,20833.333333333332,ACTION,3460.5342154401706,MonopileInstallation,MonopileInstallation,,40.0,
644,,WTIV,Drive Monopile,1.2,24999.999999999996,ACTION,3461.7342154401704,MonopileInstallation,MonopileInstallation,,40.0,
645,,WTIV,Release Transition Piece,10.0,208333.3333333333,ACTION,3471.7342154401704,MonopileInstallation,,,,
646,,WTIV,Crane Reequip,1.0,20833.333333333332,ACTION,3472.7342154401704,MonopileInstallation,MonopileInstallation,,40.0,
647,,WTIV,Lower TP,1.0,20833.333333333332,ACTION,3473.7342154401704,MonopileInstallation,MonopileInstallation,,40.0,
648,,WTIV,Bolt TP,4.0,83333.33333333333,ACTION,3477.7342154401704,MonopileInstallation,MonopileInstallation,,40.0,
649,,WTIV,Jackdown,1.6666666666666667,34722.22222222222,ACTION,3479.400882106837,MonopileInstallation,MonopileInstallation,,40.0,
650,,WTIV,Position Onsite,5.0,104166.66666666666,ACTION,3484.400882106837,MonopileInstallation,,,,
651,,WTIV,Jackup,1.6666666666666667,34722.22222222222,ACTION,3486.0675487735034,MonopileInstallation,MonopileInstallation,,40.0,
652,,WTIV,RovSurvey,1.0,20833.333333333332,ACTION,3487.0675487735034,MonopileInstallation,MonopileInstallation,,40.0,
653,,WTIV,Release Monopile,10.0,208333.3333333333,ACTION,3497.0675487735034,MonopileInstallation,,,,
654,,WTIV,Upend Monopile,0.8594532455150841,17905.275948230916,ACTION,3497.9270020190183,MonopileInstallation,MonopileInstallation,,40.0,
655,,WTIV,Lower Monopile,0.005,104.16666666666666,ACTION,3497.9320020190185,MonopileInstallation,MonopileInstallation,,40.0,
656,,WTIV,Crane Reequip,1.0,20833.333333333332,ACTION,3498.9320020190185,MonopileInstallation,MonopileInstallation,,40.0,
657,,WTIV,Drive Monopile,1.2,24999.999999999996,ACTION,3500.1320020190183,MonopileInstallation,MonopileInstallation,,40.0,
658,,WTIV,Release Transition Piece,10.0,208333.3333333333,ACTION,3510.1320020190183,MonopileInstallation,,,,
659,,Feeder 1,ActiveFeeder,107.52669306987718,336020.9158433662,ACTION,3510.1320020190183,MonopileInstallation,,Site,,
660,,WTIV,Crane Reequip,1.0,20833.333333333332,ACTION,3511.1320020190183,MonopileInstallation,MonopileInstallation,,40.0,
661,,Feeder 1,Jackdown,1.6666666666666667,5208.333333333334,ACTION,3511.798668685685,MonopileInstallation,MonopileInstallation,,,
662,,WTIV,Lower TP,1.0,20833.333333333332,ACTION,3512.1320020190183,MonopileInstallation,MonopileInstallation,,40.0,
663,,WTIV,Bolt TP,4.0,83333.33333333333,ACTION,3516.1320020190183,MonopileInstallation,MonopileInstallation,,40.0,
664,,WTIV,Jackdown,1.6666666666666667,34722.22222222222,ACTION,3517.798668685685,MonopileInstallation,MonopileInstallation,,40.0,
665,,Feeder 1,Transit,39.339640768210714,122936.37740065849,ACTION,3551.1383094538955,MonopileInstallation,,,,
666,,WTIV,Transit,103.96905060169975,2166021.8875354114,ACTION,3621.7677192873844,MonopileInstallation,,,,
