,index,name,Initialized,Started,FoundationFinished,TurbineStart,Finished,Date Initialized,Date Started,Date TurbineStart,Date FoundationFinished,Date Finished,substructure,depth,location,foundation_port,turbine_port,capacity,us_wtiv,estimated_cod
0,0,Atlantic Shores Offshore Wind Bight,122712,371898.43993331946,394785.79401850625,376475.9107503568,394785.79401850625,2036-01-01 00:00:00,2064-06-04 19:00:00,2064-12-12 12:00:00,2067-01-14 10:00:00,2067-01-14 10:00:00,monopile,40,NY,argentia,new_london,2500.0,False,2038-01-01 00:00:00
1,1,Garden State Offshore Energy I,96432,359083.69228850893,369738.43993331946,361214.641817471,369738.43993331946,2033-01-01 00:00:00,2062-12-18 20:00:00,2063-03-17 15:00:00,2064-03-06 19:00:00,2064-03-06 19:00:00,monopile,40,NJ,argentia,new_london,1080.0,False,2035-01-01 00:00:00
2,2,Attentive Energy One,149016,354442.2727142541,359083.69228850893,355370.55662910506,359083.69228850893,2039-01-01 00:00:00,2062-06-08 11:00:00,2062-07-17 03:00:00,2062-12-18 20:00:00,2062-12-18 20:00:00,monopile,40,NY,euro_fab,sbmt,1404.0,False,2041-01-01 00:00:00
3,3,Bluepoint Wind,105192,342232.5204162682,356367.3280257051,345059.4819381556,356367.3280257051,2034-01-01 00:00:00,2061-01-15 17:00:00,2061-05-13 12:00:00,2062-08-27 16:00:00,2062-08-27 16:00:00,monopile,40,NY,argentia,new_london,1158.0,True,2036-01-01 00:00:00
4,4,Attentive Energy Two,149016,347834.90202197037,352282.2727142541,348724.3761604271,352282.2727142541,2039-01-01 00:00:00,2061-09-06 03:00:00,2061-10-13 05:00:00,2062-03-10 11:00:00,2062-03-10 11:00:00,monopile,40,NJ,euro_fab,sbmt,1342.0,False,2041-01-01 00:00:00
5,5,Excelsior Wind (Vineyard Mid-Atlantic),105192,337846.30377270293,345674.90202197037,339412.0234225564,345674.90202197037,2034-01-01 00:00:00,2060-07-16 23:00:00,2060-09-20 05:00:00,2061-06-08 03:00:00,2061-06-08 03:00:00,monopile,40,NY,halifax,sbmt,1314.0,False,2036-01-01 00:00:00
6,6,Atlantic Shores Offshore Wind South 2,105192,322961.49158999405,340072.5204162682,326383.6973552489,340072.5204162682,2034-01-01 00:00:00,2058-11-04 18:00:00,2059-03-27 08:00:00,2060-10-17 17:00:00,2060-10-17 17:00:00,monopile,40,NJ,argentia,new_london,1350.0,True,2036-01-01 00:00:00
7,7,Community Offshore Wind,96432,327412.7909757404,335450.4809438958,329020.3289693715,335686.30377270293,2033-01-01 00:00:00,2059-05-09 05:00:00,2059-07-15 05:00:00,2060-04-08 03:00:00,2060-04-17 23:00:00,monopile,40,NY,sbmt,sbmt,2800.0,False,2035-01-01 00:00:00
8,8,SouthCoast Wind 1 (Mayflower Wind) RI,122712,325252.7909757404,326460.94870989234,325494.4225225708,326460.94870989234,2036-01-01 00:00:00,2059-02-08 05:00:00,2059-02-18 07:00:00,2059-03-30 13:00:00,2059-03-30 13:00:00,monopile,40,RI,halifax,new_bedford,200.0,False,2038-01-01 00:00:00
9,9,Beacon Wind 2,96432,320523.4334526629,323674.2075491436,321153.58827195904,325252.7909757404,2033-01-01 00:00:00,2058-07-26 04:00:00,2058-08-21 10:00:00,2058-12-04 11:00:00,2059-02-08 05:00:00,monopile,40,NY,euro_fab,sbmt,1200.0,False,2035-01-01 00:00:00
10,10,Bay State Wind,87648,288557.35531899164,320801.49158999405,295006.1825731921,320801.49158999405,2032-01-01 00:00:00,2054-12-02 06:00:00,2055-08-27 23:00:00,2058-08-06 18:00:00,2058-08-06 18:00:00,monopile,40,RI,argentia,new_london,2344.3,True,2034-01-01 00:00:00
11,11,SouthCoast Wind 1 (Mayflower Wind) MA,122712,314963.4677039861,320523.4334526629,316075.4608537215,320523.4334526629,2036-01-01 00:00:00,2057-12-06 12:00:00,2058-01-21 20:00:00,2058-07-26 04:00:00,2058-07-26 04:00:00,monopile,40,MA,halifax,new_bedford,1087.0,False,2038-01-01 00:00:00
12,12,Ocean Wind 2,87648,309767.3447697723,314963.4677039861,310806.5693566151,314963.4677039861,2032-01-01 00:00:00,2057-05-04 00:00:00,2057-06-16 07:00:00,2057-12-06 12:00:00,2057-12-06 12:00:00,monopile,40,NJ,euro_fab,sbmt,1375.2,False,2034-01-01 00:00:00
13,13,SouthCoast Wind Residual,113952,295743.64704801084,309767.3447697723,298548.3865923631,309767.3447697723,2035-01-01 00:00:00,2055-09-27 16:00:00,2056-01-22 13:00:00,2057-05-04 00:00:00,2057-05-04 00:00:00,monopile,40,MA,halifax,new_bedford,1113.0,False,2037-01-01 00:00:00
14,14,Beacon Wind 1,70128,286397.35531899164,293304.9504451803,287778.87434422935,295743.64704801084,2030-01-01 00:00:00,2054-09-03 06:00:00,2054-10-30 19:00:00,2055-06-18 01:00:00,2055-09-27 16:00:00,monopile,40,NY,euro_fab,sbmt,1230.0,False,2032-01-01 00:00:00
15,15,Leading Light Wind,70128,174836.3473543359,286397.35531899164,197148.54894726706,286397.35531899164,2030-01-01 00:00:00,2041-12-11 21:00:00,2044-06-28 13:00:00,2054-09-03 06:00:00,2054-09-03 06:00:00,monopile,40,NJ,argentia,new_london,2400.0,False,2032-01-01 00:00:00
16,16,Avangrid GoME 2,140256,237258.68479275098,277928.60546141927,237258.68479275098,277928.60546141927,2038-01-01 00:00:00,2049-01-24 19:00:00,2049-01-24 19:00:00,2053-09-15 09:00:00,2053-09-15 09:00:00,semisub,800,ME,salem,salem,2171.528889,False,2040-01-01 00:00:00
17,17,Invenergy NE Offshore Wind GoME 2,140256,197546.6146642374,235098.68479275098,197546.6146642374,235098.68479275098,2038-01-01 00:00:00,2044-07-15 03:00:00,2044-07-15 03:00:00,2048-10-26 19:00:00,2048-10-26 19:00:00,semisub,800,MA,salem,salem,1992.965238,False,2040-01-01 00:00:00
18,18,Avangrid GoME 1,131496,161856.47494429408,195386.6146642374,161856.47494429408,195386.6146642374,2037-01-01 00:00:00,2040-06-19 01:00:00,2040-06-19 01:00:00,2044-04-16 03:00:00,2044-04-16 03:00:00,semisub,800,MA,salem,salem,1785.604132,False,2039-01-01 00:00:00
19,19,Central Atlantic Lease Area C-1,140256,172676.3473543359,192466.65320757925,176634.40852498458,192466.65320757925,2038-01-01 00:00:00,2041-09-12 21:00:00,2042-02-24 19:00:00,2043-12-16 11:00:00,2043-12-16 11:00:00,monopile,40,NC,portsmouth_1,portsmouth_1,2857.164097,True,2040-01-01 00:00:00
20,20,Vineyard Wind 2 (Vineyard Northeast) Residual,61368,172871.41774264825,174375.02258789397,173172.1387116974,174375.02258789397,2029-01-01 00:00:00,2041-09-21 00:00:00,2041-10-03 13:00:00,2041-11-22 16:00:00,2041-11-22 16:00:00,monopile,40,CT,halifax,new_bedford,120.0,False,2031-01-01 00:00:00
21,21,Ocean Wind 1,61368,163706.64005177977,172871.41774264825,165539.59558995347,172871.41774264825,2029-01-01 00:00:00,2040-09-04 03:00:00,2040-11-19 12:00:00,2041-09-21 00:00:00,2041-09-21 00:00:00,monopile,40,NJ,euro_fab,sbmt,1222.6,False,2031-01-01 00:00:00
22,22,Atlantic Shores Offshore Wind North,78888,147548.0901151589,172676.3473543359,152573.7415629943,172676.3473543359,2031-01-01 00:00:00,2038-10-31 21:00:00,2039-05-29 06:00:00,2041-09-12 21:00:00,2041-09-12 21:00:00,monopile,40,NJ,argentia,new_london,1313.3,True,2033-01-01 00:00:00
23,23,Vineyard Wind 2 (Vineyard Northeast) MA,61368,154375.80251232622,163706.64005177977,156241.97002021692,163706.64005177977,2029-01-01 00:00:00,2039-08-12 08:00:00,2039-10-29 02:00:00,2040-09-04 03:00:00,2040-09-04 03:00:00,monopile,40,MA,halifax,new_bedford,800.0,False,2031-01-01 00:00:00
24,24,Invenergy NE Offshore Wind GoME 1,122712,122712.0,159696.47494429408,122712.0,159696.47494429408,2036-01-01 00:00:00,2036-01-01 00:00:00,2036-01-01 00:00:00,2040-03-21 01:00:00,2040-03-21 01:00:00,semisub,800,ME,salem,salem,1964.167782,False,2038-01-01 00:00:00
25,25,"Momentum Wind (U.S. Wind Phases 2, 3, and 4)",52584,145388.0901151589,154375.80251232622,147185.63259459237,154375.80251232622,2028-01-01 00:00:00,2038-08-02 21:00:00,2038-10-16 18:00:00,2039-08-12 08:00:00,2039-08-12 08:00:00,monopile,40,MD,tradepoint_1,tradepoint_1,1410.0,False,2030-01-01 00:00:00
26,26,Central Atlantic Lease Area A-2,131496,131496.0,145887.3468820264,134374.26937640528,145887.3468820264,2037-01-01 00:00:00,2037-01-01 00:00:00,2037-04-30 23:00:00,2038-08-23 16:00:00,2038-08-23 16:00:00,monopile,40,MD,portsmouth_1,portsmouth_1,1642.102476,True,2039-01-01 00:00:00
27,27,Atlantic Shores Offshore Wind South 1,61368,73307.39339052253,145388.0901151589,87723.5327354498,145388.0901151589,2029-01-01 00:00:00,2030-05-13 12:00:00,2032-01-04 04:00:00,2038-08-02 21:00:00,2038-08-02 21:00:00,monopile,40,NJ,argentia,new_london,1510.0,False,2031-01-01 00:00:00
28,28,TotalEnergies,87648,95347.54088021336,103781.29453181628,97034.29161053394,103781.29453181628,2032-01-01 00:00:00,2032-11-16 20:00:00,2033-01-26 03:00:00,2033-11-03 06:00:00,2033-11-03 06:00:00,monopile,40,NC,portsmouth_1,portsmouth_1,889.0,True,2034-01-01 00:00:00
29,29,CVOW-South (Kitty Hawk North),78888,86424.3090485051,93187.54088021336,87776.95541484676,93187.54088021336,2031-01-01 00:00:00,2031-11-11 01:00:00,2032-01-06 09:00:00,2032-08-18 20:00:00,2032-08-18 20:00:00,monopile,40,VA,portsmouth_1,portsmouth_1,800.0,True,2033-01-01 00:00:00
30,30,Duke Energy/Cinergy,70128,75810.16364729172,84264.3090485051,77500.9927275344,84264.3090485051,2030-01-01 00:00:00,2030-08-25 19:00:00,2030-11-04 05:00:00,2031-08-13 01:00:00,2031-08-13 01:00:00,monopile,40,NC,portsmouth_1,portsmouth_1,893.0,True,2032-01-01 00:00:00
31,31,Maine Research Array,78888,78888.0,82612.46059902424,78888.0,82612.46059902424,2031-01-01 00:00:00,2031-01-01 00:00:00,2031-01-01 00:00:00,2031-06-05 05:00:00,2031-06-05 05:00:00,semisub,800,ME,salem,salem,144.0,False,2033-01-01 00:00:00
32,32,Kitty Hawk South,61368,61368.0,73650.16364729172,63824.43272945834,73650.16364729172,2029-01-01 00:00:00,2029-01-01 00:00:00,2029-04-13 09:00:00,2030-05-27 19:00:00,2030-05-27 19:00:00,monopile,40,NC,portsmouth_1,portsmouth_1,1350.7,True,2031-01-01 00:00:00
33,33,Skipjack  2,43824,66367.40150377418,73307.39339052253,67755.39988112384,73307.39339052253,2027-01-01 00:00:00,2029-07-28 08:00:00,2029-09-24 04:00:00,2030-05-13 12:00:00,2030-05-13 12:00:00,monopile,40,MD,tradepoint_1,tradepoint_1,846.0,False,2029-01-01 00:00:00
34,34,Empire Wind 2,52584,61444.25993393457,66367.40150377418,62428.88824790249,66367.40150377418,2028-01-01 00:00:00,2029-01-04 05:00:00,2029-02-14 05:00:00,2029-07-28 08:00:00,2029-07-28 08:00:00,monopile,40,NY,euro_fab,sbmt,621.0,False,2030-01-01 00:00:00
35,35,Skipjack 1,43824,59709.70490060395,60664.61140886542,59900.68620225625,61444.25993393457,2027-01-01 00:00:00,2028-10-23 22:00:00,2028-10-31 21:00:00,2028-12-02 17:00:00,2029-01-04 05:00:00,monopile,40,MD,tradepoint_1,tradepoint_1,120.0,False,2029-01-01 00:00:00
36,36,New England Wind 2 (Commonwealth Wind),52584,52584.0,59709.70490060395,54009.14098012079,59709.70490060395,2028-01-01 00:00:00,2028-01-01 00:00:00,2028-02-29 10:00:00,2028-10-23 22:00:00,2028-10-23 22:00:00,monopile,40,MA,salem,salem,1232.0,False,2030-01-01 00:00:00
37,37,Sunrise Wind,26304,42568.630262526814,59708.393090128855,45996.58282804722,59708.393090128855,2025-01-01 00:00:00,2026-11-09 17:00:00,2027-04-01 13:00:00,2028-10-23 21:00:00,2028-10-23 21:00:00,monopile,40,NY,argentia,new_london,924.0,True,2027-01-01 00:00:00
38,38,MarWin (U.S. Wind Phase 1),43824,49542.00080198927,50753.116671988435,49784.2239759891,51047.08846943547,2027-01-01 00:00:00,2027-08-27 07:00:00,2027-09-06 09:00:00,2027-10-16 18:00:00,2027-10-29 00:00:00,monopile,40,MD,tradepoint_1,tradepoint_1,300.0,False,2029-01-01 00:00:00
39,39,New England Wind 1 (Park City Wind),43824,46751.43958322005,49318.954601862955,47264.94258694864,49542.00080198927,2027-01-01 00:00:00,2027-05-03 00:00:00,2027-05-24 09:00:00,2027-08-17 23:00:00,2027-08-27 07:00:00,monopile,40,MA,salem,salem,791.0,False,2029-01-01 00:00:00
40,40,Empire Wind 1,26304,40408.630262526814,46751.43958322005,41677.19212666546,46751.43958322005,2025-01-01 00:00:00,2026-08-11 17:00:00,2026-10-03 14:00:00,2027-05-03 00:00:00,2027-05-03 00:00:00,monopile,40,NY,euro_fab,sbmt,810.0,False,2027-01-01 00:00:00
41,41,Revolution Wind 1 RI,17520,25795.586881686,40408.630262526814,28718.19555785416,40408.630262526814,2024-01-01 00:00:00,2024-12-10 20:00:00,2025-04-11 15:00:00,2026-08-11 17:00:00,2026-08-11 17:00:00,monopile,40,RI,argentia,new_london,400.0,False,2026-01-01 00:00:00
42,42,CVOW-C,17520,17520.0,34955.38421014817,21007.076842029634,34955.38421014817,2024-01-01 00:00:00,2024-01-01 00:00:00,2024-05-25 08:00:00,2025-12-27 12:00:00,2025-12-27 12:00:00,monopile,40,VA,portsmouth_1,portsmouth_1,2587.0,True,2026-01-01 00:00:00
43,43,Revolution Wind 1 CT,17520,17520.0,23635.586881686,18743.1173763372,23635.586881686,2024-01-01 00:00:00,2024-01-01 00:00:00,2024-02-21 00:00:00,2024-09-11 20:00:00,2024-09-11 20:00:00,monopile,40,CT,argentia,new_london,304.0,False,2026-01-01 00:00:00
44,44,Vineyard Wind 1,8760,8760.0,17071.03004204337,10422.206008408673,17071.03004204337,2023-01-01 00:00:00,2023-01-01 00:00:00,2023-03-11 07:00:00,2023-12-13 08:00:00,2023-12-13 08:00:00,monopile,40,MA,halifax,new_bedford,806.0,False,2025-01-01 00:00:00
45,45,South Fork,0,0.0,3378.4401056128418,675.6880211225684,3378.4401056128418,2022-01-01 00:00:00,2022-01-01 00:00:00,2022-01-29 04:00:00,2022-05-21 19:00:00,2022-05-21 19:00:00,monopile,40,NY,euro_fab,new_london,132.0,False,2024-01-01 00:00:00
